vin,year,make,model,trim,bodyClass,engine,driveType,plantCity,plantCountry,decodeErrorCode,decodeErrorText,sourceCount,firstSeen,lastSeen,firstJobTitle,latestJobTitle,latestProgrammerHint,latestPriceHint,latestPaymentHint,keySystemStatus,keyOptions,programmerOptions,originationTools,verifyBeforeDispatch,notes
19XFC2F5XJE020510,2018,HONDA,Civic,LX,Sedan/Saloon,2.0L In-Line,4x2,GREENBURG,UNITED STATES (USA),0,0 - VIN decoded clean. Check Digit (9th position) is correct,1,2023-06-05T13:15:00.000Z,2023-06-05T13:15:00.000Z,DK 3 veh.'s [cmx],DK 3 veh.'s [cmx],,179.4,,needs locksmith verification,,,,FCC/frequency; blade/keyway; programmer coverage; supplier part number; authorization,Decoded from VIN. Locksmith key data must be verified before use.
19XFC2F60LE018227,2020,HONDA,Civic,LX,Sedan/Saloon,2.0L In-Line,4x2,GREENSBURG,UNITED STATES (USA),0,0 - VIN decoded clean. Check Digit (9th position) is correct,1,2023-07-17T13:30:00.000Z,2023-07-17T13:30:00.000Z,DK 10 veh.'s [cmx],DK 10 veh.'s [cmx],,308.2,,needs locksmith verification,,,,FCC/frequency; blade/keyway; programmer coverage; supplier part number; authorization,Decoded from VIN. Locksmith key data must be verified before use.
19XFC2F85GE044586,2016,HONDA,Civic,EX,Sedan/Saloon,2.0L In-Line,,GREENBURG,UNITED STATES (USA),0,0 - VIN decoded clean. Check Digit (9th position) is correct,1,2023-07-28T12:50:00.000Z,2023-07-28T12:50:00.000Z,DK 8 veh.'s [cmx],DK 8 veh.'s [cmx],,349.6,,needs locksmith verification,,,,FCC/frequency; blade/keyway; programmer coverage; supplier part number; authorization,Decoded from VIN. Locksmith key data must be verified before use.
19XFL1H84PE011666,2023,HONDA,Civic,Sport Touring,Hatchback/Liftback/Notchback,1.5L In-Line,4x2,GREENSBURG,UNITED STATES (USA),0,0 - VIN decoded clean. Check Digit (9th position) is correct,1,2023-12-08T15:30:00.000Z,2023-12-08T15:30:00.000Z,"KM, DK 2 veh.'s [cmx]","KM, DK 2 veh.'s [cmx]",,343.8,,needs locksmith verification,,,,FCC/frequency; blade/keyway; programmer coverage; supplier part number; authorization,Decoded from VIN. Locksmith key data must be verified before use.
1C3CDZAB5CN157749,2012,DODGE,Avenger,SE,Sedan/Saloon,2.4,FWD/Front-Wheel Drive,STERLING HEIGHTS,UNITED STATES (USA),0,0 - VIN decoded clean. Check Digit (9th position) is correct,1,2023-06-26T13:30:00.000Z,2023-06-26T13:30:00.000Z,DK 7 veh.'s [cmx],DK 7 veh.'s [cmx],,432.4,,needs locksmith verification,,,,FCC/frequency; blade/keyway; programmer coverage; supplier part number; authorization,Decoded from VIN. Locksmith key data must be verified before use.
1C3CDZEG5CN260529,2012,DODGE,Avenger,SXT Plus,Sedan/Saloon,3.6,FWD/Front-Wheel Drive,STERLING HEIGHTS,UNITED STATES (USA),0,0 - VIN decoded clean. Check Digit (9th position) is correct,1,2023-06-09T16:00:00.000Z,2023-06-09T16:00:00.000Z,DK 4 veh.'s [cmx],DK 4 veh.'s [cmx],,356.6,,needs locksmith verification,,,,FCC/frequency; blade/keyway; programmer coverage; supplier part number; authorization,Decoded from VIN. Locksmith key data must be verified before use.
1C4BJWEG3FL718115,2015,JEEP,Wrangler,Sahara,Sport Utility Vehicle (SUV)/Multi-Purpose Vehicle (MPV),3.6,4WD/4-Wheel Drive/4x4,TOLEDO,UNITED STATES (USA),0,0 - VIN decoded clean. Check Digit (9th position) is correct,1,2023-09-08T13:30:00.000Z,2023-09-08T13:30:00.000Z,DK 5 veh.'s [cmx],DK 5 veh.'s [cmx],IM608,197.8,,needs locksmith verification,,IM608,,FCC/frequency; blade/keyway; programmer coverage; supplier part number; authorization,Decoded from VIN. Locksmith key data must be verified before use.
1C4NJDEB8GD618321,2016,JEEP,Compass,Latitude,Sport Utility Vehicle (SUV)/Multi-Purpose Vehicle (MPV),2.4,4WD/4-Wheel Drive/4x4,BELVIDERE,UNITED STATES (USA),0,0 - VIN decoded clean. Check Digit (9th position) is correct,1,2023-06-05T13:15:00.000Z,2023-06-05T13:15:00.000Z,DK 3 veh.'s [cmx],DK 3 veh.'s [cmx],,179.4,,needs locksmith verification,,,,FCC/frequency; blade/keyway; programmer coverage; supplier part number; authorization,Decoded from VIN. Locksmith key data must be verified before use.
1C4PJLCB3HW593291,2017,JEEP,Cherokee,"Latitude, Longitude, North",Sport Utility Vehicle (SUV)/Multi-Purpose Vehicle (MPV),2.4L In-Line,4x2,TOLEDO,UNITED STATES (USA),0,0 - VIN decoded clean. Check Digit (9th position) is correct,1,2023-06-09T16:00:00.000Z,2023-06-09T16:00:00.000Z,DK 4 veh.'s [cmx],DK 4 veh.'s [cmx],,356.6,,needs locksmith verification,,,,FCC/frequency; blade/keyway; programmer coverage; supplier part number; authorization,Decoded from VIN. Locksmith key data must be verified before use.
1C4PJMBX5MD184640,2021,JEEP,Cherokee,Trailhawk,Sport Utility Vehicle (SUV)/Multi-Purpose Vehicle (MPV),3.2L V-Shaped,4WD/4-Wheel Drive/4x4,BELVIDERE,UNITED STATES (USA),0,0 - VIN decoded clean. Check Digit (9th position) is correct,1,2024-07-03T15:45:00.000Z,2024-07-03T15:45:00.000Z,KM 21 Cherokee blu [er],KM 21 Cherokee blu [er],,218.75,,needs locksmith verification,,,,FCC/frequency; blade/keyway; programmer coverage; supplier part number; authorization,Decoded from VIN. Locksmith key data must be verified before use.
1C4PJMCB5HW626037,2017,JEEP,Cherokee,"Latitude, Longitude, North",Sport Utility Vehicle (SUV)/Multi-Purpose Vehicle (MPV),2.4L In-Line,4WD/4-Wheel Drive/4x4,TOLEDO,UNITED STATES (USA),0,0 - VIN decoded clean. Check Digit (9th position) is correct,1,2023-06-28T14:30:00.000Z,2023-06-28T14:30:00.000Z,DK 17 Cherokee gry [cmx],DK 17 Cherokee gry [cmx],,199.8,,needs locksmith verification,,,,FCC/frequency; blade/keyway; programmer coverage; supplier part number; authorization,Decoded from VIN. Locksmith key data must be verified before use.
1C4RDJDG4PC603325,2023,DODGE,Durango,GT,Sport Utility Vehicle (SUV)/Multi-Purpose Vehicle (MPV),3.6L V-Shaped,AWD/All-Wheel Drive,DETROIT,UNITED STATES (USA),0,0 - VIN decoded clean. Check Digit (9th position) is correct,1,2024-05-29T16:30:00.000Z,2024-05-29T16:30:00.000Z,KM 2 veh.'s [er],KM 2 veh.'s [er],,411.75,,needs locksmith verification,,,,FCC/frequency; blade/keyway; programmer coverage; supplier part number; authorization,Decoded from VIN. Locksmith key data must be verified before use.
1C4RJFAG6KC809751,2019,JEEP,Grand Cherokee,Laredo,Sport Utility Vehicle (SUV)/Multi-Purpose Vehicle (MPV),3.6L V-Shaped,4WD/4-Wheel Drive/4x4,DETROIT,UNITED STATES (USA),0,0 - VIN decoded clean. Check Digit (9th position) is correct,1,2023-07-28T12:50:00.000Z,2023-07-28T12:50:00.000Z,DK 8 veh.'s [cmx],DK 8 veh.'s [cmx],,349.6,,needs locksmith verification,,,,FCC/frequency; blade/keyway; programmer coverage; supplier part number; authorization,Decoded from VIN. Locksmith key data must be verified before use.
1C4RJFBT2EC122699,2014,JEEP,Grand Cherokee,Limited,Sport Utility Vehicle (SUV)/Multi-Purpose Vehicle (MPV),5.7,4WD/4-Wheel Drive/4x4,DETROIT,UNITED STATES (USA),0,0 - VIN decoded clean. Check Digit (9th position) is correct,1,2026-04-08T16:30:00.000Z,2026-04-08T16:30:00.000Z,CxD KM 14 Grand Cherokee [aaa],CxD KM 14 Grand Cherokee [aaa],,276.47,,needs locksmith verification,,,,FCC/frequency; blade/keyway; programmer coverage; supplier part number; authorization,Decoded from VIN. Locksmith key data must be verified before use.
1C4RJYB69RC120699,2024,JEEP,Grand Cherokee,Limited 4XE,Sport Utility Vehicle (SUV)/Multi-Purpose Vehicle (MPV),2L In-Line,4WD/4-Wheel Drive/4x4,DETROIT,UNITED STATES (USA),0,0 - VIN decoded clean. Check Digit (9th position) is correct,2,2024-07-15T17:05:00.000Z,2024-07-16T15:55:00.000Z,uts KM 24 Gr Cherokee wht [er],KM 24 Gr Cherokee wht [er],,503.29,,needs locksmith verification,,,,FCC/frequency; blade/keyway; programmer coverage; supplier part number; authorization,Decoded from VIN. Locksmith key data must be verified before use.
1C4SJSBP6PS568683,2023,JEEP,Wagoneer,Series II,Sport Utility Vehicle (SUV)/Multi-Purpose Vehicle (MPV),3L In-Line,4WD/4-Wheel Drive/4x4,WARREN,UNITED STATES (USA),0,0 - VIN decoded clean. Check Digit (9th position) is correct,1,2024-03-25T14:50:00.000Z,2024-03-25T14:50:00.000Z,D-1 info,D-1 info,,524.29,,needs locksmith verification,,,,FCC/frequency; blade/keyway; programmer coverage; supplier part number; authorization,Decoded from VIN. Locksmith key data must be verified before use.
1C6RR6TT7KS653932,2019,RAM,1500,SLT,Pickup,5.7L V-Shaped,4x2,WARREN,UNITED STATES (USA),0,0 - VIN decoded clean. Check Digit (9th position) is correct,1,2023-07-28T12:50:00.000Z,2023-07-28T12:50:00.000Z,DK 8 veh.'s [cmx],DK 8 veh.'s [cmx],,349.6,,needs locksmith verification,,,,FCC/frequency; blade/keyway; programmer coverage; supplier part number; authorization,Decoded from VIN. Locksmith key data must be verified before use.
1C6RR7GG7MS538818,2021,RAM,1500,SLT,Pickup,3.6L V-Shaped,4WD/4-Wheel Drive/4x4,WARREN,UNITED STATES (USA),0,0 - VIN decoded clean. Check Digit (9th position) is correct,1,2023-06-26T13:30:00.000Z,2023-06-26T13:30:00.000Z,DK 7 veh.'s [cmx],DK 7 veh.'s [cmx],,432.4,,needs locksmith verification,,,,FCC/frequency; blade/keyway; programmer coverage; supplier part number; authorization,Decoded from VIN. Locksmith key data must be verified before use.
1C6RR7KT2ES166732,2014,RAM,1500,ST,Pickup,5.7,4WD/4-Wheel Drive/4x4,WARREN,UNITED STATES (USA),0,0 - VIN decoded clean. Check Digit (9th position) is correct,1,2023-06-07T18:00:00.000Z,2023-06-07T18:00:00.000Z,DK 3 veh.'s [cmx],DK 3 veh.'s [cmx],,280.6,,needs locksmith verification,,,,FCC/frequency; blade/keyway; programmer coverage; supplier part number; authorization,Decoded from VIN. Locksmith key data must be verified before use.
1C6RR7LG0HS858753,2017,RAM,1500,SLT,Pickup,3.6L V-Shaped,4WD/4-Wheel Drive/4x4,WARREN,UNITED STATES (USA),0,0 - VIN decoded clean. Check Digit (9th position) is correct,1,2023-07-17T13:30:00.000Z,2023-07-17T13:30:00.000Z,DK 10 veh.'s [cmx],DK 10 veh.'s [cmx],,308.2,,needs locksmith verification,,,,FCC/frequency; blade/keyway; programmer coverage; supplier part number; authorization,Decoded from VIN. Locksmith key data must be verified before use.
1C6RR7LG3FS726096,2015,RAM,1500,SLT,Pickup,3.6,4WD/4-Wheel Drive/4x4,WARREN,UNITED STATES (USA),0,0 - VIN decoded clean. Check Digit (9th position) is correct,1,2023-07-03T13:15:00.000Z,2023-07-03T13:15:00.000Z,DK 4 veh.'s [cmx],DK 4 veh.'s [cmx],,105.8,,needs locksmith verification,,,,FCC/frequency; blade/keyway; programmer coverage; supplier part number; authorization,Decoded from VIN. Locksmith key data must be verified before use.
1C6SRFHT9PN540015,2023,RAM,1500,Limited,Pickup,5.7L V-Shaped,4WD/4-Wheel Drive/4x4,STERLING HEIGHTS,UNITED STATES (USA),0,0 - VIN decoded clean. Check Digit (9th position) is correct,2,2026-04-22T14:15:00.000Z,2026-04-22T22:30:00.000Z,uts DK 23 Ram_1500 Limited [SHD],uts DK 23 Ram_1500 Limited blk [SHD],,340.25,,needs locksmith verification,,,,FCC/frequency; blade/keyway; programmer coverage; supplier part number; authorization,Decoded from VIN. Locksmith key data must be verified before use.
1FA6P8CFXF5365095,2015,FORD,Mustang,GT Coupe,Coupe,5.0L V-Shaped,,FLAT ROCK,UNITED STATES (USA),0,0 - VIN decoded clean. Check Digit (9th position) is correct,1,2023-07-17T13:30:00.000Z,2023-07-17T13:30:00.000Z,DK 10 veh.'s [cmx],DK 10 veh.'s [cmx],,308.2,,needs locksmith verification,,,,FCC/frequency; blade/keyway; programmer coverage; supplier part number; authorization,Decoded from VIN. Locksmith key data must be verified before use.
1FADP3F25FL287274,2015,FORD,Focus,SE,Sedan/Saloon,2.0L In-Line,,WAYNE,UNITED STATES (USA),0,0 - VIN decoded clean. Check Digit (9th position) is correct,1,2023-08-04T16:30:00.000Z,2023-08-04T16:30:00.000Z,"DK, KM 3 veh.'s [cmx]","DK, KM 3 veh.'s [cmx]",,292.2,,needs locksmith verification,,,,FCC/frequency; blade/keyway; programmer coverage; supplier part number; authorization,Decoded from VIN. Locksmith key data must be verified before use.
1FADP3J25DL273346,2013,FORD,Focus,Titanium,Sedan/Saloon,2.0L In-Line,,WAYNE,UNITED STATES (USA),0,0 - VIN decoded clean. Check Digit (9th position) is correct,1,2023-06-26T13:30:00.000Z,2023-06-26T13:30:00.000Z,DK 7 veh.'s [cmx],DK 7 veh.'s [cmx],,432.4,,needs locksmith verification,,,,FCC/frequency; blade/keyway; programmer coverage; supplier part number; authorization,Decoded from VIN. Locksmith key data must be verified before use.
1FADP3K22HL205445,2017,FORD,Focus,SE,Hatchback/Liftback/Notchback,2.0L In-Line,,WAYNE,UNITED STATES (USA),0,0 - VIN decoded clean. Check Digit (9th position) is correct,1,2021-09-08T19:10:00.000Z,2021-09-08T19:10:00.000Z,KM 11 Silverado; 14 Cube; 17 Focus [ago],KM 11 Silverado; 14 Cube; 17 Focus [ago],,125,,needs locksmith verification,,,,FCC/frequency; blade/keyway; programmer coverage; supplier part number; authorization,Decoded from VIN. Locksmith key data must be verified before use.
1FADP3K24EL145082,2014,FORD,Focus,SE,Hatchback/Liftback/Notchback,2.0L In-Line,,WAYNE,UNITED STATES (USA),0,0 - VIN decoded clean. Check Digit (9th position) is correct,1,2020-07-29T15:49:00.000Z,2020-07-29T15:49:00.000Z,KM Aango,KM Aango,,460,,needs locksmith verification,,,,FCC/frequency; blade/keyway; programmer coverage; supplier part number; authorization,Decoded from VIN. Locksmith key data must be verified before use.
1FAHP2F89FG127584,2015,FORD,Taurus,Limited,Sedan/Saloon,3.5L V-Shaped,FWD/Front-Wheel Drive,CHICAGO,UNITED STATES (USA),0,0 - VIN decoded clean. Check Digit (9th position) is correct,1,2023-07-05T16:20:00.000Z,2023-07-05T16:20:00.000Z,DK 2 veh.'s [cmx],DK 2 veh.'s [cmx],,48,,needs locksmith verification,,,,FCC/frequency; blade/keyway; programmer coverage; supplier part number; authorization,Decoded from VIN. Locksmith key data must be verified before use.
1FAHP2H84GG112067,2016,FORD,Taurus,SEL,Sedan/Saloon,3.5L V-Shaped,AWD/All-Wheel Drive,CHICAGO,UNITED STATES (USA),0,0 - VIN decoded clean. Check Digit (9th position) is correct,1,2020-09-08T16:00:00.000Z,2020-09-08T16:00:00.000Z,KM Aango 5 veh.'s,KM Aango 5 veh.'s,,285,,needs locksmith verification,,,,FCC/frequency; blade/keyway; programmer coverage; supplier part number; authorization,Decoded from VIN. Locksmith key data must be verified before use.
1FATP8UH7K5131493,2019,FORD,Mustang,I4 Convertible,Convertible/Cabriolet,2.3L In-Line,,FLATROCK,UNITED STATES (USA),0,0 - VIN decoded clean. Check Digit (9th position) is correct,1,2023-07-28T12:50:00.000Z,2023-07-28T12:50:00.000Z,DK 8 veh.'s [cmx],DK 8 veh.'s [cmx],,349.6,,needs locksmith verification,,,,FCC/frequency; blade/keyway; programmer coverage; supplier part number; authorization,Decoded from VIN. Locksmith key data must be verified before use.
1FM5K8D87EGB97483,2014,FORD,Explorer,XLT,Sport Utility Vehicle (SUV)/Multi-Purpose Vehicle (MPV),3.5L V-Shaped,4WD/4-Wheel Drive/4x4,CHICAGO,UNITED STATES (USA),0,0 - VIN decoded clean. Check Digit (9th position) is correct,1,2022-08-22T14:35:00.000Z,2022-08-22T14:35:00.000Z,KM 14 Explorer red [bvw],KM 14 Explorer red [bvw],,190,n30,needs locksmith verification,,,,FCC/frequency; blade/keyway; programmer coverage; supplier part number; authorization,Decoded from VIN. Locksmith key data must be verified before use.
1FMCU9GN2PUA54552,2023,FORD,Escape,Active,Sport Utility Vehicle (SUV)/Multi-Purpose Vehicle (MPV),1.5,4WD/4-Wheel Drive/4x4,LOUISVILLE,UNITED STATES (USA),0,0 - VIN decoded clean. Check Digit (9th position) is correct,1,2023-11-10T15:30:00.000Z,2023-11-10T15:30:00.000Z,Carmax Omaha,Carmax Omaha,FDRS,350.6,,needs locksmith verification,,FDRS,,FCC/frequency; blade/keyway; programmer coverage; supplier part number; authorization,Decoded from VIN. Locksmith key data must be verified before use.
1FMJK2A87REA42384,2024,FORD,Expedition MAX,Limited,Sport Utility Vehicle (SUV)/Multi-Purpose Vehicle (MPV),3.5L V-Shaped,4WD/4-Wheel Drive/4x4,JEFFERSON COUNTY,UNITED STATES (USA),0,0 - VIN decoded clean. Check Digit (9th position) is correct,2,2026-04-23T15:30:00.000Z,2026-04-23T15:30:00.000Z,DK 24 Expedition blk [ehs],DK 24 Expedition blk [ehs],PCP + FDRS,110,n30,needs locksmith verification,,PCP + FDRS,,FCC/frequency; blade/keyway; programmer coverage; supplier part number; authorization,Decoded from VIN. Locksmith key data must be verified before use.
1FT7W2BT6NEE57521,2022,FORD,F-250,,Pickup,6.7L V-Shaped,4WD/4-Wheel Drive/4x4,JEFFERSON COUNTY,UNITED STATES (USA),0,0 - VIN decoded clean. Check Digit (9th position) is correct,1,2022-06-26T12:00:00.000Z,2022-06-26T12:00:00.000Z,AU 22 F-250 wht [fenkell],AU 22 F-250 wht [fenkell],,,,needs locksmith verification,,,,FCC/frequency; blade/keyway; programmer coverage; supplier part number; authorization,Decoded from VIN. Locksmith key data must be verified before use.
1FTEX1CPXGFA13037,2016,FORD,F-150,,Pickup,2.7L V-Shaped,4x2,DEARBORN,UNITED STATES (USA),0,0 - VIN decoded clean. Check Digit (9th position) is correct,1,2023-06-26T13:30:00.000Z,2023-06-26T13:30:00.000Z,DK 7 veh.'s [cmx],DK 7 veh.'s [cmx],,432.4,,needs locksmith verification,,,,FCC/frequency; blade/keyway; programmer coverage; supplier part number; authorization,Decoded from VIN. Locksmith key data must be verified before use.
1FTFW3L58SKD97045,2025,FORD,F-150,XLT,Pickup,5.0L V-Shaped,4WD/4-Wheel Drive/4x4,CLAYCOMO,UNITED STATES (USA),0,0 - VIN decoded clean. Check Digit (9th position) is correct,2,2026-04-24T15:30:00.000Z,2026-04-24T15:30:00.000Z,DK 25 F-150 gry,DK 25 F-150 gry,FRD8334 + FDRS,278.53,cr,needs locksmith verification,,FRD8334 + FDRS,,FCC/frequency; blade/keyway; programmer coverage; supplier part number; authorization,Decoded from VIN. Locksmith key data must be verified before use.
1FTFX1CT5EFC71268,2014,FORD,F-150,,Pickup,3.5L V-Shaped,4x2,DEARBORN,UNITED STATES (USA),0,0 - VIN decoded clean. Check Digit (9th position) is correct,1,2023-07-17T13:30:00.000Z,2023-07-17T13:30:00.000Z,DK 10 veh.'s [cmx],DK 10 veh.'s [cmx],,308.2,,needs locksmith verification,,,,FCC/frequency; blade/keyway; programmer coverage; supplier part number; authorization,Decoded from VIN. Locksmith key data must be verified before use.
1G1BC5SM4J7199245,2018,CHEVROLET,Cruze,LS,Sedan/Saloon,1.4L In-Line,FWD/Front-Wheel Drive,LORDSTOWN,UNITED STATES (USA),0,0 - VIN decoded clean. Check Digit (9th position) is correct,1,2023-07-14T15:15:00.000Z,2023-07-14T15:15:00.000Z,DK 3 veh.'s [cmx],DK 3 veh.'s [cmx],,188.6,,needs locksmith verification,,,,FCC/frequency; blade/keyway; programmer coverage; supplier part number; authorization,Decoded from VIN. Locksmith key data must be verified before use.
1G1PA5SH1D7287947,2013,CHEVROLET,Cruze,1LS,Sedan/Saloon,1.8,,LORDSTOWN,UNITED STATES (USA),0,0 - VIN decoded clean. Check Digit (9th position) is correct,1,2023-10-04T17:25:00.000Z,2023-10-04T17:25:00.000Z,DK 3 veh.'s [cmx],DK 3 veh.'s [cmx],,207,,needs locksmith verification,,,,FCC/frequency; blade/keyway; programmer coverage; supplier part number; authorization,Decoded from VIN. Locksmith key data must be verified before use.
1G1PE5SB9E7112623,2014,CHEVROLET,Cruze,2LT,Sedan/Saloon,1.4L In-Line,,LORDSTOWN,UNITED STATES (USA),0,0 - VIN decoded clean. Check Digit (9th position) is correct,1,2023-09-08T13:30:00.000Z,2023-09-08T13:30:00.000Z,DK 5 veh.'s [cmx],DK 5 veh.'s [cmx],IM608,197.8,,needs locksmith verification,,IM608,,FCC/frequency; blade/keyway; programmer coverage; supplier part number; authorization,Decoded from VIN. Locksmith key data must be verified before use.
1G1YR2D65G5607052,2016,CHEVROLET,Corvette,Preferred 2LZ w/Z06,Coupe,6.2L V-Shaped,,BOWLING GREEN,UNITED STATES (USA),0,0 - VIN decoded clean. Check Digit (9th position) is correct,1,2022-04-18T16:27:00.000Z,2022-04-18T16:27:00.000Z,DK 16 Corvette wht [cos],DK 16 Corvette wht [cos],,271.4,,needs locksmith verification,,,,FCC/frequency; blade/keyway; programmer coverage; supplier part number; authorization,Decoded from VIN. Locksmith key data must be verified before use.
1G1ZD5ST4PF199280,2023,CHEVROLET,Malibu,LT (1LT),Sedan/Saloon,1.5L In-Line,,KANSAS CITY,UNITED STATES (USA),0,0 - VIN decoded clean. Check Digit (9th position) is correct,1,2024-03-29T12:50:00.000Z,2024-03-29T12:50:00.000Z,KM 23 Malibu gry [er],KM 23 Malibu gry [er],,208.25,,needs locksmith verification,,,,FCC/frequency; blade/keyway; programmer coverage; supplier part number; authorization,Decoded from VIN. Locksmith key data must be verified before use.
1G1ZD5ST6RF123076,2024,CHEVROLET,Malibu,LT (1LT),Sedan/Saloon,1.5L In-Line,,FAIRFAX,UNITED STATES (USA),0,0 - VIN decoded clean. Check Digit (9th position) is correct,1,2024-07-10T12:49:00.000Z,2024-07-10T12:49:00.000Z,KM 24 Malibu blk [er],KM 24 Malibu blk [er],,208.25,,needs locksmith verification,,,,FCC/frequency; blade/keyway; programmer coverage; supplier part number; authorization,Decoded from VIN. Locksmith key data must be verified before use.
1G1ZE5SX0NF199175,2022,CHEVROLET,Malibu,Premier (2LZ),Sedan/Saloon,2L In-Line,FWD/Front-Wheel Drive,KANSAS CITY,UNITED STATES (USA),0,0 - VIN decoded clean. Check Digit (9th position) is correct,1,2024-04-01T15:00:00.000Z,2024-04-01T15:00:00.000Z,KM 22 Malibu wht [er],KM 22 Malibu wht [er],IM608,208.25,,needs locksmith verification,,IM608,,FCC/frequency; blade/keyway; programmer coverage; supplier part number; authorization,Decoded from VIN. Locksmith key data must be verified before use.
1G1ZG5ST0NF210716,2022,CHEVROLET,Malibu,RS (1SP),Sedan/Saloon,1.5L In-Line,FWD/Front-Wheel Drive,KANSAS CITY,UNITED STATES (USA),0,0 - VIN decoded clean. Check Digit (9th position) is correct,1,2023-02-08T21:05:00.000Z,2023-02-08T21:05:00.000Z,*billed* DK 22 Malibu blk [boystown],*billed* DK 22 Malibu blk [boystown],TIS,540,n30,needs locksmith verification,,TIS,,FCC/frequency; blade/keyway; programmer coverage; supplier part number; authorization,Decoded from VIN. Locksmith key data must be verified before use.
1G4GD5G39EF176982,2014,BUICK,LaCrosse,Premium,Sedan/Saloon,3.6,,KANSAS CITY,UNITED STATES (USA),0,0 - VIN decoded clean. Check Digit (9th position) is correct,1,2023-07-03T13:15:00.000Z,2023-07-03T13:15:00.000Z,DK 4 veh.'s [cmx],DK 4 veh.'s [cmx],,105.8,,needs locksmith verification,,,,FCC/frequency; blade/keyway; programmer coverage; supplier part number; authorization,Decoded from VIN. Locksmith key data must be verified before use.
1G4PR5SK2H4114274,2017,BUICK,Verano,Sport Touring (1SH),Sedan/Saloon,2.4,,ORION,UNITED STATES (USA),0,0 - VIN decoded clean. Check Digit (9th position) is correct,1,2020-07-29T15:49:00.000Z,2020-07-29T15:49:00.000Z,KM Aango,KM Aango,,460,,needs locksmith verification,,,,FCC/frequency; blade/keyway; programmer coverage; supplier part number; authorization,Decoded from VIN. Locksmith key data must be verified before use.
1G6AR5SX0E0157006,2014,CADILLAC,CTS,Luxury,Sedan/Saloon,2.0L In-Line,RWD/Rear-Wheel Drive,LANSING - GRAND RIVER,UNITED STATES (USA),0,0 - VIN decoded clean. Check Digit (9th position) is correct,1,2023-09-27T14:00:00.000Z,2023-09-27T14:00:00.000Z,DK 2 Vehs [cmx],DK 2 Vehs [cmx],TIS,,,needs locksmith verification,,TIS,,FCC/frequency; blade/keyway; programmer coverage; supplier part number; authorization,Decoded from VIN. Locksmith key data must be verified before use.
1GC4C1C82BF185474,2011,CHEVROLET,Silverado,LTZ,Pickup,6.6L V-Shaped,4x2,FLINT,UNITED STATES (USA),0,0 - VIN decoded clean. Check Digit (9th position) is correct,1,2021-09-08T19:10:00.000Z,2021-09-08T19:10:00.000Z,KM 11 Silverado; 14 Cube; 17 Focus [ago],KM 11 Silverado; 14 Cube; 17 Focus [ago],,125,,needs locksmith verification,,,,FCC/frequency; blade/keyway; programmer coverage; supplier part number; authorization,Decoded from VIN. Locksmith key data must be verified before use.
1GCGTCEN2K1123694,2019,CHEVROLET,Colorado,LT,Pickup,3.6L V-Shaped,4WD/4-Wheel Drive/4x4,WENTZVILLE,UNITED STATES (USA),0,0 - VIN decoded clean. Check Digit (9th position) is correct,1,2023-07-17T13:30:00.000Z,2023-07-17T13:30:00.000Z,DK 10 veh.'s [cmx],DK 10 veh.'s [cmx],,308.2,,needs locksmith verification,,,,FCC/frequency; blade/keyway; programmer coverage; supplier part number; authorization,Decoded from VIN. Locksmith key data must be verified before use.
1GCVKSEC2HZ112532,2017,CHEVROLET,Silverado,LTZ,Pickup,5.3,4WD/4-Wheel Drive/4x4,FORT WAYNE,UNITED STATES (USA),0,0 - VIN decoded clean. Check Digit (9th position) is correct,1,2023-07-14T15:15:00.000Z,2023-07-14T15:15:00.000Z,DK 3 veh.'s [cmx],DK 3 veh.'s [cmx],,188.6,,needs locksmith verification,,,,FCC/frequency; blade/keyway; programmer coverage; supplier part number; authorization,Decoded from VIN. Locksmith key data must be verified before use.
1GKS2BKDXNR332999,2022,GMC,Yukon,SLT,Sport Utility Vehicle (SUV)/Multi-Purpose Vehicle (MPV),5.3,4WD/4-Wheel Drive/4x4,ARLINGTON,UNITED STATES (USA),0,0 - VIN decoded clean. Check Digit (9th position) is correct,1,2026-04-22T15:30:00.000Z,2026-04-22T15:30:00.000Z,KM Roof Rack [cmx],KM Roof Rack [cmx],,317.5,,needs locksmith verification,,,,FCC/frequency; blade/keyway; programmer coverage; supplier part number; authorization,Decoded from VIN. Locksmith key data must be verified before use.
1GKS2FKC5GR402426,2016,GMC,Yukon XL,SLE,Sport Utility Vehicle (SUV)/Multi-Purpose Vehicle (MPV),5.3,4WD/4-Wheel Drive/4x4,ARLINGTON,UNITED STATES (USA),0,0 - VIN decoded clean. Check Digit (9th position) is correct,1,2023-07-03T13:15:00.000Z,2023-07-03T13:15:00.000Z,DK 4 veh.'s [cmx],DK 4 veh.'s [cmx],,105.8,,needs locksmith verification,,,,FCC/frequency; blade/keyway; programmer coverage; supplier part number; authorization,Decoded from VIN. Locksmith key data must be verified before use.
1GNKVHKD9HJ191309,2017,CHEVROLET,Traverse,2LT,Sport Utility Vehicle (SUV)/Multi-Purpose Vehicle (MPV),3.6L V-Shaped,AWD/All-Wheel Drive,LANSING - DELTA TOWNSHIP,UNITED STATES (USA),0,0 - VIN decoded clean. Check Digit (9th position) is correct,1,2023-09-11T13:30:00.000Z,2023-09-11T13:30:00.000Z,DK 4 veh.'s [cmx],DK 4 veh.'s [cmx],,358.8,,needs locksmith verification,,,,FCC/frequency; blade/keyway; programmer coverage; supplier part number; authorization,Decoded from VIN. Locksmith key data must be verified before use.
1GNSKBKC1KR351625,2019,CHEVROLET,Tahoe,LT,Sport Utility Vehicle (SUV)/Multi-Purpose Vehicle (MPV),5.3,4WD/4-Wheel Drive/4x4,ARLINGTON,UNITED STATES (USA),0,0 - VIN decoded clean. Check Digit (9th position) is correct,1,2023-07-03T13:15:00.000Z,2023-07-03T13:15:00.000Z,DK 4 veh.'s [cmx],DK 4 veh.'s [cmx],,105.8,,needs locksmith verification,,,,FCC/frequency; blade/keyway; programmer coverage; supplier part number; authorization,Decoded from VIN. Locksmith key data must be verified before use.
1GYEE63A060140311,2006,CADILLAC,SRX,,Sport Utility Vehicle (SUV)/Multi-Purpose Vehicle (MPV),4.6L V-Shaped,,LANSING - GRAND RIVER,UNITED STATES (USA),0,0 - VIN decoded clean. Check Digit (9th position) is correct,1,2021-11-17T18:15:00.000Z,2021-11-17T18:15:00.000Z,KM 2006 SRX sil [ebc],KM 2006 SRX sil [ebc],,130,,needs locksmith verification,,,,FCC/frequency; blade/keyway; programmer coverage; supplier part number; authorization,Decoded from VIN. Locksmith key data must be verified before use.
1J4GL38K15W641640,2005,JEEP,Liberty,Renegade,Sport Utility Vehicle (SUV)/Multi-Purpose Vehicle (MPV),3.7L V-Shaped,4WD/4-Wheel Drive/4x4,TOLEDO,UNITED STATES (USA),0,0 - VIN decoded clean. Check Digit (9th position) is correct,2,2021-02-01T21:22:00.000Z,2021-08-07T19:38:00.000Z,KM [pref] 05 Liberty grn,KM [pref] 1 veh.,,100,,needs locksmith verification,,,,FCC/frequency; blade/keyway; programmer coverage; supplier part number; authorization,Decoded from VIN. Locksmith key data must be verified before use.
1J4GL48K06W289531,2006,JEEP,Liberty,Sport,Sport Utility Vehicle (SUV)/Multi-Purpose Vehicle (MPV),3.7L V-Shaped,4WD/4-Wheel Drive/4x4,TOLEDO,UNITED STATES (USA),0,0 - VIN decoded clean. Check Digit (9th position) is correct,1,2021-06-07T14:30:00.000Z,2021-06-07T14:30:00.000Z,KM 06 Liberty sil,KM 06 Liberty sil,,130,,needs locksmith verification,,,,FCC/frequency; blade/keyway; programmer coverage; supplier part number; authorization,Decoded from VIN. Locksmith key data must be verified before use.
1N4AL3AP7HN304181,2017,NISSAN,Altima,,Sedan/Saloon,2.5L In-Line,4x2,CANTON,UNITED STATES (USA),0,0 - VIN decoded clean. Check Digit (9th position) is correct,1,2023-08-02T15:35:00.000Z,2023-08-02T15:35:00.000Z,DK 3 veh.'s [cmx],DK 3 veh.'s [cmx],,280.6,,needs locksmith verification,,,,FCC/frequency; blade/keyway; programmer coverage; supplier part number; authorization,Decoded from VIN. Locksmith key data must be verified before use.
1N4AL3AP9HC213277,2017,NISSAN,Altima,,Sedan/Saloon,2.5L In-Line,4x2,SMYRNA,UNITED STATES (USA),0,0 - VIN decoded clean. Check Digit (9th position) is correct,1,2023-06-09T16:00:00.000Z,2023-06-09T16:00:00.000Z,DK 4 veh.'s [cmx],DK 4 veh.'s [cmx],,356.6,,needs locksmith verification,,,,FCC/frequency; blade/keyway; programmer coverage; supplier part number; authorization,Decoded from VIN. Locksmith key data must be verified before use.
1N4BL4BV9KC244818,2019,NISSAN,Altima,S,Sedan/Saloon,2.5,4x2,SMYRNA,UNITED STATES (USA),0,0 - VIN decoded clean. Check Digit (9th position) is correct,1,2022-06-02T13:30:00.000Z,2022-06-02T13:30:00.000Z,DK 19 Altima wht [emc],DK 19 Altima wht [emc],,205,,needs locksmith verification,,,,FCC/frequency; blade/keyway; programmer coverage; supplier part number; authorization,Decoded from VIN. Locksmith key data must be verified before use.
1N4BL4DW4PN416092,2023,NISSAN,Altima,SV,Sedan/Saloon,2.5L In-Line,4WD/4-Wheel Drive/4x4,CANTON,UNITED STATES (USA),0,0 - VIN decoded clean. Check Digit (9th position) is correct,1,2024-07-18T16:45:00.000Z,2024-07-18T16:45:00.000Z,KM 2 veh.'s [er],KM 2 veh.'s [er],,502.25,,needs locksmith verification,,,,FCC/frequency; blade/keyway; programmer coverage; supplier part number; authorization,Decoded from VIN. Locksmith key data must be verified before use.
1N6AD0EV0EN732200,2014,NISSAN,Frontier,,Pickup,4,4WD/4-Wheel Drive/4x4,CANTON,UNITED STATES (USA),0,0 - VIN decoded clean. Check Digit (9th position) is correct,1,2023-07-17T13:30:00.000Z,2023-07-17T13:30:00.000Z,DK 10 veh.'s [cmx],DK 10 veh.'s [cmx],,308.2,,needs locksmith verification,,,,FCC/frequency; blade/keyway; programmer coverage; supplier part number; authorization,Decoded from VIN. Locksmith key data must be verified before use.
1VWAS7A38FC122190,2015,VOLKSWAGEN,Passat,S,Sedan/Saloon,1.7980000,,CHATTANOOGA,UNITED STATES (USA),0,0 - VIN decoded clean. Check Digit (9th position) is correct,1,2022-08-04T15:50:00.000Z,2022-08-04T15:50:00.000Z,Baxter vw 3 keys,Baxter vw 3 keys,,,,needs locksmith verification,,,,FCC/frequency; blade/keyway; programmer coverage; supplier part number; authorization,Decoded from VIN. Locksmith key data must be verified before use.
1VWBP7A32DC115349,2013,VOLKSWAGEN,Passat,Comfortline,Sedan/Saloon,2.480000,,CHATTANOOGA,UNITED STATES (USA),0,0 - VIN decoded clean. Check Digit (9th position) is correct,1,2022-02-02T19:10:00.000Z,2022-02-02T19:10:00.000Z,DK 13 Passat blk,DK 13 Passat blk,,285,,needs locksmith verification,,,,FCC/frequency; blade/keyway; programmer coverage; supplier part number; authorization,Decoded from VIN. Locksmith key data must be verified before use.
1VWCH7A39DC029716,2013,VOLKSWAGEN,Passat,Highline,Sedan/Saloon,2.480000,,CHATTANOOGA,UNITED STATES (USA),0,0 - VIN decoded clean. Check Digit (9th position) is correct,1,2022-05-05T15:00:00.000Z,2022-05-05T15:00:00.000Z,Ship key for DSM,Ship key for DSM,,,,needs locksmith verification,,,,FCC/frequency; blade/keyway; programmer coverage; supplier part number; authorization,Decoded from VIN. Locksmith key data must be verified before use.
2A4GM48406R648738,2006,CHRYSLER,Pacifica,Base,Sport Utility Vehicle (SUV)/Multi-Purpose Vehicle (MPV),3.5L V-Shaped,FWD/Front-Wheel Drive,WINDSOR,CANADA,0,0 - VIN decoded clean. Check Digit (9th position) is correct,2,2019-12-03T17:45:00.000Z,2020-06-23T12:35:00.000Z,Preferred Auto,KM Heartland Towing 1 veh.,,100,,needs locksmith verification,,,,FCC/frequency; blade/keyway; programmer coverage; supplier part number; authorization,Decoded from VIN. Locksmith key data must be verified before use.
2C4RC1CGXHR657743,2017,CHRYSLER,Pacifica,LX,Minivan,3.6L V-Shaped,FWD/Front-Wheel Drive,WINDSOR,CANADA,0,0 - VIN decoded clean. Check Digit (9th position) is correct,1,2023-07-14T15:15:00.000Z,2023-07-14T15:15:00.000Z,DK 3 veh.'s [cmx],DK 3 veh.'s [cmx],,188.6,,needs locksmith verification,,,,FCC/frequency; blade/keyway; programmer coverage; supplier part number; authorization,Decoded from VIN. Locksmith key data must be verified before use.
2C8GF684X4R549058,2004,CHRYSLER,Pacifica,Touring,Sport Utility Vehicle (SUV)/Multi-Purpose Vehicle (MPV),3.5L V-Shaped,AWD/All-Wheel Drive,WINDSOR,CANADA,0,0 - VIN decoded clean. Check Digit (9th position) is correct,1,2019-12-03T17:45:00.000Z,2019-12-03T17:45:00.000Z,Preferred Auto,Preferred Auto,,135,,needs locksmith verification,,,,FCC/frequency; blade/keyway; programmer coverage; supplier part number; authorization,Decoded from VIN. Locksmith key data must be verified before use.
2C8GP64L32R575654,2002,CHRYSLER,Town and Country,Limited,Minivan,3.8L V-Shaped,FWD/Front-Wheel Drive,WINDSOR,UNITED STATES (USA),0,0 - VIN decoded clean. Check Digit (9th position) is correct,3,2019-11-22T22:25:00.000Z,2019-12-03T14:50:00.000Z,KM 01 T&C,KM 01 T&C,,100,,needs locksmith verification,,,,FCC/frequency; blade/keyway; programmer coverage; supplier part number; authorization,Decoded from VIN. Locksmith key data must be verified before use.
2GKFLXEK5F6165390,2015,GMC,Terrain,SLT 1,Sport Utility Vehicle (SUV)/Multi-Purpose Vehicle (MPV),2.4,AWD/All-Wheel Drive,CAMI,CANADA,0,0 - VIN decoded clean. Check Digit (9th position) is correct,1,2022-08-28T14:10:00.000Z,2022-08-28T14:10:00.000Z,DK 15 Terrain wht [bvw],DK 15 Terrain wht [bvw],,155.25,n30,needs locksmith verification,,,,FCC/frequency; blade/keyway; programmer coverage; supplier part number; authorization,Decoded from VIN. Locksmith key data must be verified before use.
2HKRM3H52GH568163,2016,HONDA,CR-V,EX,Sport Utility Vehicle (SUV)/Multi-Purpose Vehicle (MPV),2.359737216L In-Line,4x2,ALLISTON,CANADA,0,0 - VIN decoded clean. Check Digit (9th position) is correct,1,2022-02-24T18:55:00.000Z,2022-02-24T18:55:00.000Z,DK 16 CR-V [emc],DK 16 CR-V [emc],,185,,needs locksmith verification,,,,FCC/frequency; blade/keyway; programmer coverage; supplier part number; authorization,Decoded from VIN. Locksmith key data must be verified before use.
2HKRM4H71EH693224,2014,HONDA,CR-V,EX-L,Sport Utility Vehicle (SUV)/Multi-Purpose Vehicle (MPV),2.4L In-Line,AWD/All-Wheel Drive,ALLISTON,CANADA,0,0 - VIN decoded clean. Check Digit (9th position) is correct,1,2023-06-20T14:35:00.000Z,2023-06-20T14:35:00.000Z,DK 14 CR-V gry [cmx],DK 14 CR-V gry [cmx],,48,,needs locksmith verification,,,,FCC/frequency; blade/keyway; programmer coverage; supplier part number; authorization,Decoded from VIN. Locksmith key data must be verified before use.
2T36CRAVXTW010440,2026,TOYOTA,RAV4,,Sport Utility Vehicle (SUV)/Multi-Purpose Vehicle (MPV),2.5,4WD/4-Wheel Drive/4x4,WOODSTOCK,CANADA,0,0 - VIN decoded clean. Check Digit (9th position) is correct,1,2026-04-09T15:30:00.000Z,2026-04-09T15:30:00.000Z,uts KM 26 RAV4 [er],uts KM 26 RAV4 [er],,,,needs locksmith verification,,,,FCC/frequency; blade/keyway; programmer coverage; supplier part number; authorization,Decoded from VIN. Locksmith key data must be verified before use.
2T3J1RFV7RW459401,2024,TOYOTA,RAV4,Adventure,Sport Utility Vehicle (SUV)/Multi-Purpose Vehicle (MPV),2.5L In-Line,4WD/4-Wheel Drive/4x4,WOODSTOCK,CANADA,0,0 - VIN decoded clean. Check Digit (9th position) is correct,1,2024-07-16T13:12:00.000Z,2024-07-16T13:12:00.000Z,KM 24 RAV4 red [er],KM 24 RAV4 red [er],,413,,needs locksmith verification,,,,FCC/frequency; blade/keyway; programmer coverage; supplier part number; authorization,Decoded from VIN. Locksmith key data must be verified before use.
2T3P1RFV2KW028447,2019,TOYOTA,RAV4,XLE / XLE Premium 4WD,Sport Utility Vehicle (SUV)/Multi-Purpose Vehicle (MPV),2.5L In-Line,4WD/4-Wheel Drive/4x4,WOODSTOCK,CANADA,0,0 - VIN decoded clean. Check Digit (9th position) is correct,1,2023-09-27T14:00:00.000Z,2023-09-27T14:00:00.000Z,DK 2 Vehs [cmx],DK 2 Vehs [cmx],TIS,,,needs locksmith verification,,TIS,,FCC/frequency; blade/keyway; programmer coverage; supplier part number; authorization,Decoded from VIN. Locksmith key data must be verified before use.
2T3P1RFV9NW260581,2022,TOYOTA,RAV4,XLE,Sport Utility Vehicle (SUV)/Multi-Purpose Vehicle (MPV),2.5L In-Line,4WD/4-Wheel Drive/4x4,WOODSTOCK,CANADA,0,0 - VIN decoded clean. Check Digit (9th position) is correct,2,2024-04-24T19:45:00.000Z,2024-07-15T20:45:00.000Z,KM 22 RAV4 wht [er],KM 22 RAV4 wht [er],TIS,275.25,,needs locksmith verification,,TIS,,FCC/frequency; blade/keyway; programmer coverage; supplier part number; authorization,Decoded from VIN. Locksmith key data must be verified before use.
2T3W1RFV5PW281586,2023,TOYOTA,RAV4,XLE,Sport Utility Vehicle (SUV)/Multi-Purpose Vehicle (MPV),2.5L In-Line,4x2,WOODSTOCK,CANADA,0,0 - VIN decoded clean. Check Digit (9th position) is correct,1,2024-05-29T16:30:00.000Z,2024-05-29T16:30:00.000Z,KM 2 veh.'s [er],KM 2 veh.'s [er],,411.75,,needs locksmith verification,,,,FCC/frequency; blade/keyway; programmer coverage; supplier part number; authorization,Decoded from VIN. Locksmith key data must be verified before use.
2T3W1RFV5RW334905,2024,TOYOTA,RAV4,XLE,Sport Utility Vehicle (SUV)/Multi-Purpose Vehicle (MPV),2.5L In-Line,4x2,WOODSTOCK,CANADA,0,0 - VIN decoded clean. Check Digit (9th position) is correct,1,2024-07-17T18:05:00.000Z,2024-07-17T18:05:00.000Z,KM 24 RAV4 [er],KM 24 RAV4 [er],TIS,275.25,,needs locksmith verification,,TIS,,FCC/frequency; blade/keyway; programmer coverage; supplier part number; authorization,Decoded from VIN. Locksmith key data must be verified before use.
3C6LRVDG1ME534491,2021,RAM,ProMaster 2500,,Cargo Van,3.6L V-Shaped,FWD/Front-Wheel Drive,SALTILLO,MEXICO,0,0 - VIN decoded clean. Check Digit (9th position) is correct,1,2023-09-08T13:30:00.000Z,2023-09-08T13:30:00.000Z,DK 5 veh.'s [cmx],DK 5 veh.'s [cmx],IM608,197.8,,needs locksmith verification,,IM608,,FCC/frequency; blade/keyway; programmer coverage; supplier part number; authorization,Decoded from VIN. Locksmith key data must be verified before use.
3CZRU5H71KM712828,2019,HONDA,HR-V,EX-L,Sport Utility Vehicle (SUV)/Multi-Purpose Vehicle (MPV),1.8L In-Line,4x2,CELAYA,MEXICO,0,0 - VIN decoded clean. Check Digit (9th position) is correct,1,2023-06-30T13:00:00.000Z,2023-06-30T13:00:00.000Z,DK 2 veh.'s [cmx],DK 2 veh.'s [cmx],,188.6,,needs locksmith verification,,,,FCC/frequency; blade/keyway; programmer coverage; supplier part number; authorization,Decoded from VIN. Locksmith key data must be verified before use.
3FMCR9B60RRE26823,2024,FORD,Bronco Sport,Big Bend,Sport Utility Vehicle (SUV)/Multi-Purpose Vehicle (MPV),1.5L In-Line,4WD/4-Wheel Drive/4x4,HERMOSILLO,MEXICO,0,0 - VIN decoded clean. Check Digit (9th position) is correct,1,2024-07-01T16:15:00.000Z,2024-07-01T16:15:00.000Z,KM 2 veh.'s [er],KM 2 veh.'s [er],IM608,260.75,,needs locksmith verification,,IM608,,FCC/frequency; blade/keyway; programmer coverage; supplier part number; authorization,Decoded from VIN. Locksmith key data must be verified before use.
3GCUKREC2GG236495,2016,CHEVROLET,Silverado,LT,Pickup,5.3,4WD/4-Wheel Drive/4x4,SILAO,MEXICO,0,0 - VIN decoded clean. Check Digit (9th position) is correct,1,2023-10-09T15:05:00.000Z,2023-10-09T15:05:00.000Z,PR 15 Silverado blk [cos],PR 15 Silverado blk [cos],,211.6,,needs locksmith verification,,,,FCC/frequency; blade/keyway; programmer coverage; supplier part number; authorization,Decoded from VIN. Locksmith key data must be verified before use.
3GCUKTEJ3JG325561,2018,CHEVROLET,Silverado,High Country,Pickup,6.2,4WD/4-Wheel Drive/4x4,SILAO,MEXICO,0,0 - VIN decoded clean. Check Digit (9th position) is correct,1,2023-07-12T12:50:00.000Z,2023-07-12T12:50:00.000Z,DK 2 veh.'s [cmx],DK 2 veh.'s [cmx],,48,,needs locksmith verification,,,,FCC/frequency; blade/keyway; programmer coverage; supplier part number; authorization,Decoded from VIN. Locksmith key data must be verified before use.
3GKALVEGXRL292601,2024,GMC,Terrain,SLT,Sport Utility Vehicle (SUV)/Multi-Purpose Vehicle (MPV),1.5L In-Line,AWD/All-Wheel Drive,SAN LUIS POTOSI,MEXICO,0,0 - VIN decoded clean. Check Digit (9th position) is correct,1,2024-04-22T21:45:00.000Z,2024-04-22T21:45:00.000Z,KM 24 Terrain gry [er],KM 24 Terrain gry [er],IM608,208.25,,needs locksmith verification,,IM608,,FCC/frequency; blade/keyway; programmer coverage; supplier part number; authorization,Decoded from VIN. Locksmith key data must be verified before use.
3GNAL3EK0ES563094,2014,CHEVROLET,Captiva Sport,1LT,Sport Utility Vehicle (SUV)/Multi-Purpose Vehicle (MPV),2.4,FWD/Front-Wheel Drive,RAMOS ARIZPE,MEXICO,0,0 - VIN decoded clean. Check Digit (9th position) is correct,1,2023-09-05T18:00:00.000Z,2023-09-05T18:00:00.000Z,"DK, KM 19 veh.'s","DK, KM 19 veh.'s",TIS,742,,needs locksmith verification,,TIS,,FCC/frequency; blade/keyway; programmer coverage; supplier part number; authorization,Decoded from VIN. Locksmith key data must be verified before use.
3GTU2VEC7FG289099,2015,GMC,Sierra,SLT,Pickup,5.3,4WD/4-Wheel Drive/4x4,SILAO,MEXICO,0,0 - VIN decoded clean. Check Digit (9th position) is correct,1,2020-09-08T16:00:00.000Z,2020-09-08T16:00:00.000Z,KM Aango 5 veh.'s,KM Aango 5 veh.'s,,285,,needs locksmith verification,,,,FCC/frequency; blade/keyway; programmer coverage; supplier part number; authorization,Decoded from VIN. Locksmith key data must be verified before use.
3MVDMACL4LM120157,2020,MAZDA,CX-30,Select Pkg,Sport Utility Vehicle (SUV)/Multi-Purpose Vehicle (MPV),2.5L In-Line,4x2,SALAMANCA,MEXICO,0,0 - VIN decoded clean. Check Digit (9th position) is correct,1,2023-10-17T15:15:00.000Z,2023-10-17T15:15:00.000Z,cxd KM 20 CX-30 wht [er],cxd KM 20 CX-30 wht [er],,,,needs locksmith verification,,,,FCC/frequency; blade/keyway; programmer coverage; supplier part number; authorization,Decoded from VIN. Locksmith key data must be verified before use.
3MZBN1U75JM176089,2018,MAZDA,Mazda3,Sport,Sedan/Saloon,2.0L In-Line,FWD/Front-Wheel Drive,GUANAJUATO,MEXICO,0,0 - VIN decoded clean. Check Digit (9th position) is correct,1,2023-06-30T13:00:00.000Z,2023-06-30T13:00:00.000Z,DK 2 veh.'s [cmx],DK 2 veh.'s [cmx],,188.6,,needs locksmith verification,,,,FCC/frequency; blade/keyway; programmer coverage; supplier part number; authorization,Decoded from VIN. Locksmith key data must be verified before use.
3N1AB8CV2NY224049,2022,NISSAN,Sentra,SV,Sedan/Saloon,2,4x2,AGUASCALIENTES,MEXICO,0,0 - VIN decoded clean. Check Digit (9th position) is correct,1,2024-03-27T16:20:00.000Z,2024-03-27T16:20:00.000Z,KM 22 Sentra wht [er],KM 22 Sentra wht [er],,328.18,,needs locksmith verification,,,,FCC/frequency; blade/keyway; programmer coverage; supplier part number; authorization,Decoded from VIN. Locksmith key data must be verified before use.
3N1AB8CV8PY276949,2023,NISSAN,Sentra,SV,Sedan/Saloon,2.0L In-Line,4x2,AGUASCALIENTES,MEXICO,0,0 - VIN decoded clean. Check Digit (9th position) is correct,1,2024-06-14T14:30:00.000Z,2024-06-14T14:30:00.000Z,KM 2 veh.'s [er],KM 2 veh.'s [er],TIS,479,,needs locksmith verification,,TIS,,FCC/frequency; blade/keyway; programmer coverage; supplier part number; authorization,Decoded from VIN. Locksmith key data must be verified before use.
3N1CN7AP7GL804332,2016,NISSAN,Versa,,Sedan/Saloon,1.6L In-Line,4x2,AGUASCALIENTES,MEXICO,0,0 - VIN decoded clean. Check Digit (9th position) is correct,1,2020-07-29T15:49:00.000Z,2020-07-29T15:49:00.000Z,KM Aango,KM Aango,,460,,needs locksmith verification,,,,FCC/frequency; blade/keyway; programmer coverage; supplier part number; authorization,Decoded from VIN. Locksmith key data must be verified before use.
3VV2B7AX8LM082229,2020,VOLKSWAGEN,Tiguan,"4Motion SE, 4Motion SEL",Sport Utility Vehicle (SUV)/Multi-Purpose Vehicle (MPV),2,AWD/All-Wheel Drive,PUEBLA,MEXICO,0,0 - VIN decoded clean. Check Digit (9th position) is correct,1,2023-10-06T16:15:00.000Z,2023-10-06T16:15:00.000Z,DK 2 veh.'s [cmx],DK 2 veh.'s [cmx],,402.6,,needs locksmith verification,,,,FCC/frequency; blade/keyway; programmer coverage; supplier part number; authorization,Decoded from VIN. Locksmith key data must be verified before use.
3VV4B7AX4JM103177,2018,VOLKSWAGEN,Tiguan,4Motion SEL Premium,Sport Utility Vehicle (SUV)/Multi-Purpose Vehicle (MPV),2,AWD/All-Wheel Drive,PUEBLA,MEXICO,0,0 - VIN decoded clean. Check Digit (9th position) is correct,1,2021-09-01T13:42:00.000Z,2021-09-01T13:42:00.000Z,Baxter VW Key ready,Baxter VW Key ready,,,,needs locksmith verification,,,,FCC/frequency; blade/keyway; programmer coverage; supplier part number; authorization,Decoded from VIN. Locksmith key data must be verified before use.
3VVTX7B28NM089273,2022,VOLKSWAGEN,Taos,SE,Sport Utility Vehicle (SUV)/Multi-Purpose Vehicle (MPV),1.5,,PUEBLA,MEXICO,0,0 - VIN decoded clean. Check Digit (9th position) is correct,1,2024-05-13T21:05:00.000Z,2024-05-13T21:05:00.000Z,KM 22 Taos wht [er],KM 22 Taos wht [er],,564.25,,needs locksmith verification,,,,FCC/frequency; blade/keyway; programmer coverage; supplier part number; authorization,Decoded from VIN. Locksmith key data must be verified before use.
3VW2K7AJ9EM323077,2014,VOLKSWAGEN,Jetta,"Jetta, S",Sedan/Saloon,1.984000,,PUEBLA,MEXICO,0,0 - VIN decoded clean. Check Digit (9th position) is correct,1,2022-08-04T15:50:00.000Z,2022-08-04T15:50:00.000Z,Baxter vw 3 keys,Baxter vw 3 keys,,,,needs locksmith verification,,,,FCC/frequency; blade/keyway; programmer coverage; supplier part number; authorization,Decoded from VIN. Locksmith key data must be verified before use.
3VW4S7AJ9FM266146,2015,VOLKSWAGEN,Jetta,GLI,Sedan/Saloon,1.9840000,,PUEBLA,MEXICO,0,0 - VIN decoded clean. Check Digit (9th position) is correct,1,2022-11-29T21:30:00.000Z,2022-11-29T21:30:00.000Z,Key for dsm vw,Key for dsm vw,,,,needs locksmith verification,,,,FCC/frequency; blade/keyway; programmer coverage; supplier part number; authorization,Decoded from VIN. Locksmith key data must be verified before use.
3VWC57BU1MM037601,2021,VOLKSWAGEN,Jetta,S / SE / R-Line,Sedan/Saloon,1.4,FWD/Front-Wheel Drive,PUEBLA,MEXICO,0,0 - VIN decoded clean. Check Digit (9th position) is correct,1,2023-11-14T20:00:00.000Z,2023-11-14T20:00:00.000Z,DK 21 Jetta sil [cmx],DK 21 Jetta sil [cmx],,323.8,,needs locksmith verification,,,,FCC/frequency; blade/keyway; programmer coverage; supplier part number; authorization,Decoded from VIN. Locksmith key data must be verified before use.
3VWC57BU5MM036256,2021,VOLKSWAGEN,Jetta,S / SE / R-Line,Sedan/Saloon,1.4,FWD/Front-Wheel Drive,PUEBLA,MEXICO,0,0 - VIN decoded clean. Check Digit (9th position) is correct,1,2022-02-28T16:17:00.000Z,2022-02-28T16:17:00.000Z,Pick-up key and transmitter VW,Pick-up key and transmitter VW,,,,needs locksmith verification,,,,FCC/frequency; blade/keyway; programmer coverage; supplier part number; authorization,Decoded from VIN. Locksmith key data must be verified before use.
3VWCB7BU3LM022007,2020,VOLKSWAGEN,Jetta,"S, SE, R-Line",Sedan/Saloon,1.4,FWD/Front-Wheel Drive,PUEBLA,MEXICO,0,0 - VIN decoded clean. Check Digit (9th position) is correct,1,2023-05-08T18:10:00.000Z,2023-05-08T18:10:00.000Z,DK 20 Jetta wht [ecs],DK 20 Jetta wht [ecs],,546.5,,needs locksmith verification,,,,FCC/frequency; blade/keyway; programmer coverage; supplier part number; authorization,Decoded from VIN. Locksmith key data must be verified before use.
3VWDB7AJ3JM248962,2018,VOLKSWAGEN,Jetta,"SE, Wolfsburg",Sedan/Saloon,1.4,FWD/Front-Wheel Drive,PUEBLA,MEXICO,0,0 - VIN decoded clean. Check Digit (9th position) is correct,1,2023-06-28T14:30:00.000Z,2023-06-28T14:30:00.000Z,DK 17 Cherokee gry [cmx],DK 17 Cherokee gry [cmx],,199.8,,needs locksmith verification,,,,FCC/frequency; blade/keyway; programmer coverage; supplier part number; authorization,Decoded from VIN. Locksmith key data must be verified before use.
3VWJ17AT6HM631280,2017,VOLKSWAGEN,Beetle,"SE, SEL",Coupe,1.8,FWD/Front-Wheel Drive,PUEBLA,MEXICO,0,0 - VIN decoded clean. Check Digit (9th position) is correct,1,2022-07-20T16:50:00.000Z,2022-07-20T16:50:00.000Z,Vw key for dsm,Vw key for dsm,,,,needs locksmith verification,,,,FCC/frequency; blade/keyway; programmer coverage; supplier part number; authorization,Decoded from VIN. Locksmith key data must be verified before use.
3VWN57BU7KM265012,2019,VOLKSWAGEN,Jetta,S,Sedan/Saloon,1.4,,PUEBLA,MEXICO,0,0 - VIN decoded clean. Check Digit (9th position) is correct,1,2023-06-09T16:00:00.000Z,2023-06-09T16:00:00.000Z,DK 4 veh.'s [cmx],DK 4 veh.'s [cmx],,356.6,,needs locksmith verification,,,,FCC/frequency; blade/keyway; programmer coverage; supplier part number; authorization,Decoded from VIN. Locksmith key data must be verified before use.
4T1B11HK5JU046124,2018,TOYOTA,Camry,L/LE/SE/XLE,Sedan/Saloon,2.5L In-Line,4x2,GEORGETOWN,UNITED STATES (USA),0,0 - VIN decoded clean. Check Digit (9th position) is correct,1,2023-08-02T15:35:00.000Z,2023-08-02T15:35:00.000Z,DK 3 veh.'s [cmx],DK 3 veh.'s [cmx],,280.6,,needs locksmith verification,,,,FCC/frequency; blade/keyway; programmer coverage; supplier part number; authorization,Decoded from VIN. Locksmith key data must be verified before use.
4T1BF1FK6FU057595,2015,TOYOTA,Camry,,Sedan/Saloon,2.5L In-Line,4x2,GEORGETOWN,UNITED STATES (USA),0,0 - VIN decoded clean. Check Digit (9th position) is correct,1,2023-09-11T13:30:00.000Z,2023-09-11T13:30:00.000Z,DK 4 veh.'s [cmx],DK 4 veh.'s [cmx],,358.8,,needs locksmith verification,,,,FCC/frequency; blade/keyway; programmer coverage; supplier part number; authorization,Decoded from VIN. Locksmith key data must be verified before use.
4T1C11AK8PU726025,2023,TOYOTA,Camry,LE,Sedan/Saloon,2.5L In-Line,4x2,GEORGETOWN,UNITED STATES (USA),0,0 - VIN decoded clean. Check Digit (9th position) is correct,1,2024-05-23T15:00:00.000Z,2024-05-23T15:00:00.000Z,KM 23 Camry blk [er],KM 23 Camry blk [er],,197.75,,needs locksmith verification,,,,FCC/frequency; blade/keyway; programmer coverage; supplier part number; authorization,Decoded from VIN. Locksmith key data must be verified before use.
4T1DAACK3SU116334,2025,TOYOTA,Camry,,Sedan/Saloon,2.5L In-Line,4x2,GEORGETOWN,UNITED STATES (USA),0,0 - VIN decoded clean. Check Digit (9th position) is correct,2,2026-04-23T14:55:00.000Z,2026-04-23T14:55:00.000Z,PCP 25 Camry wht [ewc],PCP 25 Camry wht [ewc],PCP + TIS,110,n30,needs locksmith verification,,PCP + TIS,,FCC/frequency; blade/keyway; programmer coverage; supplier part number; authorization,Decoded from VIN. Locksmith key data must be verified before use.
4T1M11AK1LU908907,2020,TOYOTA,Camry,,Sedan/Saloon,2.5L In-Line,4x2,GEORGETOWN,UNITED STATES (USA),0,0 - VIN decoded clean. Check Digit (9th position) is correct,1,2023-06-07T18:00:00.000Z,2023-06-07T18:00:00.000Z,DK 3 veh.'s [cmx],DK 3 veh.'s [cmx],,280.6,,needs locksmith verification,,,,FCC/frequency; blade/keyway; programmer coverage; supplier part number; authorization,Decoded from VIN. Locksmith key data must be verified before use.
5FNRL5H64CB124136,2012,HONDA,Odyssey,EXL/EXL-NAVI/EXL-RES,Minivan,3.474057568L V-Shaped,,LINCOLN,UNITED STATES (USA),0,0 - VIN decoded clean. Check Digit (9th position) is correct,1,2023-09-27T14:00:00.000Z,2023-09-27T14:00:00.000Z,DK 2 Vehs [cmx],DK 2 Vehs [cmx],TIS,,,needs locksmith verification,,TIS,,FCC/frequency; blade/keyway; programmer coverage; supplier part number; authorization,Decoded from VIN. Locksmith key data must be verified before use.
5FNYF8H53MB015454,2021,HONDA,Passport,EXL,Sport Utility Vehicle (SUV)/Multi-Purpose Vehicle (MPV),3.5L V-Shaped,4WD/4-Wheel Drive/4x4,LINCOLN,UNITED STATES (USA),0,0 - VIN decoded clean. Check Digit (9th position) is correct,1,2024-07-10T19:05:00.000Z,2024-07-10T19:05:00.000Z,DK 21 Passport blu [cos],DK 21 Passport blu [cos],,162.75,,needs locksmith verification,,,,FCC/frequency; blade/keyway; programmer coverage; supplier part number; authorization,Decoded from VIN. Locksmith key data must be verified before use.
5FRYD4H47EB022977,2014,ACURA,MDX,SH-AWD Tech,Sport Utility Vehicle (SUV)/Multi-Purpose Vehicle (MPV),3.474057568L V-Shaped,,LINCOLN,UNITED STATES (USA),0,0 - VIN decoded clean. Check Digit (9th position) is correct,3,2023-09-12T18:40:00.000Z,2023-10-02T21:00:00.000Z,DK 14 MDX red [cos],DK 14 MDX blk [cos],,188.6,,needs locksmith verification,,,,FCC/frequency; blade/keyway; programmer coverage; supplier part number; authorization,Decoded from VIN. Locksmith key data must be verified before use.
5J6RM4H75CL080848,2012,HONDA,CR-V,EX-L,Sport Utility Vehicle (SUV)/Multi-Purpose Vehicle (MPV),2.4L In-Line,4WD/4-Wheel Drive/4x4,EAST LIBERTY,UNITED STATES (USA),0,0 - VIN decoded clean. Check Digit (9th position) is correct,1,2023-08-04T16:30:00.000Z,2023-08-04T16:30:00.000Z,"DK, KM 3 veh.'s [cmx]","DK, KM 3 veh.'s [cmx]",,292.2,,needs locksmith verification,,,,FCC/frequency; blade/keyway; programmer coverage; supplier part number; authorization,Decoded from VIN. Locksmith key data must be verified before use.
5J8TB18579A005444,2009,ACURA,RDX,Technology Package,Sport Utility Vehicle (SUV)/Multi-Purpose Vehicle (MPV),2.294188960L In-Line,,MARYSVILLE,UNITED STATES (USA),0,0 - VIN decoded clean. Check Digit (9th position) is correct,1,2024-01-08T16:45:00.000Z,2024-01-08T16:45:00.000Z,billed DK 09 RDX [cos],billed DK 09 RDX [cos],,188.6,,needs locksmith verification,,,,FCC/frequency; blade/keyway; programmer coverage; supplier part number; authorization,Decoded from VIN. Locksmith key data must be verified before use.
5N1BT3AB8PC783512,2023,NISSAN,Rogue,S,Sport Utility Vehicle (SUV)/Multi-Purpose Vehicle (MPV),1.5L In-Line,4WD/4-Wheel Drive/4x4,SMYRNA,UNITED STATES (USA),0,0 - VIN decoded clean. Check Digit (9th position) is correct,1,2024-04-11T21:00:00.000Z,2024-04-11T21:00:00.000Z,KM 23 Rogue blu [er],KM 23 Rogue blu [er],,443.69,,needs locksmith verification,,,,FCC/frequency; blade/keyway; programmer coverage; supplier part number; authorization,Decoded from VIN. Locksmith key data must be verified before use.
5N1BT3BB5RC693056,2024,NISSAN,Rogue,SV,Sport Utility Vehicle (SUV)/Multi-Purpose Vehicle (MPV),1.5,4WD/4-Wheel Drive/4x4,SMYRNA,UNITED STATES (USA),0,0 - VIN decoded clean. Check Digit (9th position) is correct,1,2024-06-12T16:25:00.000Z,2024-06-12T16:25:00.000Z,KM 24 Rogue wht [er],KM 24 Rogue wht [er],,334.25,,needs locksmith verification,,,,FCC/frequency; blade/keyway; programmer coverage; supplier part number; authorization,Decoded from VIN. Locksmith key data must be verified before use.
5N1DR2MM4HC669135,2017,NISSAN,Pathfinder,,Sport Utility Vehicle (SUV)/Multi-Purpose Vehicle (MPV),3.5L V-Shaped,4WD/4-Wheel Drive/4x4,SMYRNA,UNITED STATES (USA),0,0 - VIN decoded clean. Check Digit (9th position) is correct,1,2023-06-26T13:30:00.000Z,2023-06-26T13:30:00.000Z,DK 7 veh.'s [cmx],DK 7 veh.'s [cmx],,432.4,,needs locksmith verification,,,,FCC/frequency; blade/keyway; programmer coverage; supplier part number; authorization,Decoded from VIN. Locksmith key data must be verified before use.
5N1DR2MM5HC652358,2017,NISSAN,Pathfinder,,Sport Utility Vehicle (SUV)/Multi-Purpose Vehicle (MPV),3.5L V-Shaped,4WD/4-Wheel Drive/4x4,SMYRNA,UNITED STATES (USA),0,0 - VIN decoded clean. Check Digit (9th position) is correct,1,2023-08-23T13:00:00.000Z,2023-08-23T13:00:00.000Z,DK 2 veh.'s [cmx],DK 2 veh.'s [cmx],,151.8,,needs locksmith verification,,,,FCC/frequency; blade/keyway; programmer coverage; supplier part number; authorization,Decoded from VIN. Locksmith key data must be verified before use.
5NPD84LF9LH604526,2020,HYUNDAI,Elantra,"SEL, Value Edition & Limited",Sedan/Saloon,2,FWD/Front-Wheel Drive,,UNITED STATES (USA),0,0 - VIN decoded clean. Check Digit (9th position) is correct,1,2023-07-17T13:30:00.000Z,2023-07-17T13:30:00.000Z,DK 10 veh.'s [cmx],DK 10 veh.'s [cmx],,308.2,,needs locksmith verification,,,,FCC/frequency; blade/keyway; programmer coverage; supplier part number; authorization,Decoded from VIN. Locksmith key data must be verified before use.
5NPLM4AG2MH051867,2021,HYUNDAI,Elantra,SEL,Sedan/Saloon,2.0,FWD/Front-Wheel Drive,,UNITED STATES (USA),0,0 - VIN decoded clean. Check Digit (9th position) is correct,1,2023-10-06T16:15:00.000Z,2023-10-06T16:15:00.000Z,DK 2 veh.'s [cmx],DK 2 veh.'s [cmx],,402.6,,needs locksmith verification,,,,FCC/frequency; blade/keyway; programmer coverage; supplier part number; authorization,Decoded from VIN. Locksmith key data must be verified before use.
5TDEY5B17MS185636,2021,TOYOTA,Sequoia,TRD Pro,Sport Utility Vehicle (SUV)/Multi-Purpose Vehicle (MPV),5.7L V-Shaped,4WD/4-Wheel Drive/4x4,PRINCETON,UNITED STATES (USA),0,0 - VIN decoded clean. Check Digit (9th position) is correct,1,2023-07-06T12:45:00.000Z,2023-07-06T12:45:00.000Z,DK 2 veh.'s [cmx],DK 2 veh.'s [cmx],,227.8,,needs locksmith verification,,,,FCC/frequency; blade/keyway; programmer coverage; supplier part number; authorization,Decoded from VIN. Locksmith key data must be verified before use.
5TDKDRBHXPS516099,2023,TOYOTA,Highlander,"LE, L, Limited, Platinum, XLE / XSE (w/ 12.3"" multimedia, w/ 8"" multimedia)",Sport Utility Vehicle (SUV)/Multi-Purpose Vehicle (MPV),2.4L In-Line,4WD/4-Wheel Drive/4x4,PRINCETON,UNITED STATES (USA),0,0 - VIN decoded clean. Check Digit (9th position) is correct,1,2024-05-08T18:45:00.000Z,2024-05-08T18:45:00.000Z,KM 23 Highlander gry [er],KM 23 Highlander gry [er],TIS,469.5,,needs locksmith verification,,TIS,,FCC/frequency; blade/keyway; programmer coverage; supplier part number; authorization,Decoded from VIN. Locksmith key data must be verified before use.
5TFDY5F1XLX894883,2020,TOYOTA,Tundra,SR5 Grade,Pickup,5.7L V-Shaped,4WD/4-Wheel Drive/4x4,SAN ANTONIO,UNITED STATES (USA),0,0 - VIN decoded clean. Check Digit (9th position) is correct,1,2023-06-26T13:30:00.000Z,2023-06-26T13:30:00.000Z,DK 7 veh.'s [cmx],DK 7 veh.'s [cmx],,432.4,,needs locksmith verification,,,,FCC/frequency; blade/keyway; programmer coverage; supplier part number; authorization,Decoded from VIN. Locksmith key data must be verified before use.
5YFB4MDE1PP036810,2023,TOYOTA,Corolla,,Sedan/Saloon,2.0L In-Line,4x2,BLUE SPRINGS,UNITED STATES (USA),0,0 - VIN decoded clean. Check Digit (9th position) is correct,1,2023-12-05T14:00:00.000Z,2023-12-05T14:00:00.000Z,cxd KM 23 Corolla [er],cxd KM 23 Corolla [er],,,,needs locksmith verification,,,,FCC/frequency; blade/keyway; programmer coverage; supplier part number; authorization,Decoded from VIN. Locksmith key data must be verified before use.
5YFBURHE5GP560369,2016,TOYOTA,Corolla,L/LE,Sedan/Saloon,1.8L In-Line,4x2,BLUE SPRINGS,UNITED STATES (USA),0,0 - VIN decoded clean. Check Digit (9th position) is correct,1,2023-07-17T13:30:00.000Z,2023-07-17T13:30:00.000Z,DK 10 veh.'s [cmx],DK 10 veh.'s [cmx],,308.2,,needs locksmith verification,,,,FCC/frequency; blade/keyway; programmer coverage; supplier part number; authorization,Decoded from VIN. Locksmith key data must be verified before use.
5YJ3E1EBXNF152195,2022,TESLA,Model 3,,Sedan/Saloon,,,FREMONT,UNITED STATES (USA),0,0 - VIN decoded clean. Check Digit (9th position) is correct,1,2023-09-21T14:45:00.000Z,2023-09-21T14:45:00.000Z,DK 2 veh.'s [cmx],DK 2 veh.'s [cmx],,297.8,,needs locksmith verification,,,,FCC/frequency; blade/keyway; programmer coverage; supplier part number; authorization,Decoded from VIN. Locksmith key data must be verified before use.
7FARS6H52RE067173,2024,HONDA,CR-V,Sport,Sport Utility Vehicle (SUV)/Multi-Purpose Vehicle (MPV),2L In-Line,4WD/4-Wheel Drive/4x4,GREENSBURG,UNITED STATES (USA),0,0 - VIN decoded clean. Check Digit (9th position) is correct,1,2024-07-01T16:15:00.000Z,2024-07-01T16:15:00.000Z,KM 2 veh.'s [er],KM 2 veh.'s [er],IM608,260.75,,needs locksmith verification,,IM608,,FCC/frequency; blade/keyway; programmer coverage; supplier part number; authorization,Decoded from VIN. Locksmith key data must be verified before use.
JA4ARUAU3NU003570,2022,MITSUBISHI,Outlander Sport,,Sport Utility Vehicle (SUV)/Multi-Purpose Vehicle (MPV),2.0L In-Line,4WD/4-Wheel Drive/4x4,MIZUSHIMA,JAPAN,0,0 - VIN decoded clean. Check Digit (9th position) is correct,1,2023-09-08T13:30:00.000Z,2023-09-08T13:30:00.000Z,DK 5 veh.'s [cmx],DK 5 veh.'s [cmx],IM608,197.8,,needs locksmith verification,,IM608,,FCC/frequency; blade/keyway; programmer coverage; supplier part number; authorization,Decoded from VIN. Locksmith key data must be verified before use.
JA4J4VA82RZ048936,2024,MITSUBISHI,Outlander,"SE, Ralliart Edition",Sport Utility Vehicle (SUV)/Multi-Purpose Vehicle (MPV),2.5L In-Line,4WD/4-Wheel Drive/4x4,OKAZAKI CITY,JAPAN,0,0 - VIN decoded clean. Check Digit (9th position) is correct,1,2024-07-18T16:45:00.000Z,2024-07-18T16:45:00.000Z,KM 2 veh.'s [er],KM 2 veh.'s [er],,502.25,,needs locksmith verification,,,,FCC/frequency; blade/keyway; programmer coverage; supplier part number; authorization,Decoded from VIN. Locksmith key data must be verified before use.
JA4J4VA86RZ037471,2024,MITSUBISHI,Outlander,"SE, Ralliart Edition",Sport Utility Vehicle (SUV)/Multi-Purpose Vehicle (MPV),2.5L In-Line,4WD/4-Wheel Drive/4x4,OKAZAKI CITY,JAPAN,0,0 - VIN decoded clean. Check Digit (9th position) is correct,1,2024-05-31T18:00:00.000Z,2024-05-31T18:00:00.000Z,KM 24 Outlander blu [er],KM 24 Outlander blu [er],,539,,needs locksmith verification,,,,FCC/frequency; blade/keyway; programmer coverage; supplier part number; authorization,Decoded from VIN. Locksmith key data must be verified before use.
JF2GPAMCXF8236753,2015,SUBARU,XV CrossTrek,Limited,Sport Utility Vehicle (SUV)/Multi-Purpose Vehicle (MPV),2.0,AWD/All-Wheel Drive,OTA,JAPAN,0,0 - VIN decoded clean. Check Digit (9th position) is correct,1,2023-07-12T12:50:00.000Z,2023-07-12T12:50:00.000Z,DK 2 veh.'s [cmx],DK 2 veh.'s [cmx],,48,,needs locksmith verification,,,,FCC/frequency; blade/keyway; programmer coverage; supplier part number; authorization,Decoded from VIN. Locksmith key data must be verified before use.
JF2GTANC7KH316354,2019,SUBARU,Crosstrek,Limited+ES+BSD+NAVI,Sport Utility Vehicle (SUV)/Multi-Purpose Vehicle (MPV),2.0,AWD/All-Wheel Drive,OTA,JAPAN,0,0 - VIN decoded clean. Check Digit (9th position) is correct,1,2023-08-02T15:35:00.000Z,2023-08-02T15:35:00.000Z,DK 3 veh.'s [cmx],DK 3 veh.'s [cmx],,280.6,,needs locksmith verification,,,,FCC/frequency; blade/keyway; programmer coverage; supplier part number; authorization,Decoded from VIN. Locksmith key data must be verified before use.
JHMEJ6578VS021569,1997,HONDA,Civic,EX V-6 w/Lea,Sedan/Saloon,1.589545208L In-Line,,SUZUKA,JAPAN,0,0 - VIN decoded clean. Check Digit (9th position) is correct,1,2021-08-07T14:00:00.000Z,2021-08-07T14:00:00.000Z,Lincoln Auction,Lincoln Auction,,70,,needs locksmith verification,,,,FCC/frequency; blade/keyway; programmer coverage; supplier part number; authorization,Decoded from VIN. Locksmith key data must be verified before use.
JHMGE8H31DC009838,2013,HONDA,Fit,,Hatchback/Liftback/Notchback,1.491222824L In-Line,FWD/Front-Wheel Drive,SAYAMA,JAPAN,0,0 - VIN decoded clean. Check Digit (9th position) is correct,1,2026-04-24T20:45:00.000Z,2026-04-24T20:45:00.000Z,KM 13 Fit sil [aaa],KM 13 Fit sil [aaa],,150,cr,needs locksmith verification,,,,FCC/frequency; blade/keyway; programmer coverage; supplier part number; authorization,Decoded from VIN. Locksmith key data must be verified before use.
JM1GL1VM4L1520773,2020,MAZDA,Mazda6,,Sedan/Saloon,2.5L In-Line,FWD/Front-Wheel Drive,YAMAGUCHI,JAPAN,0,0 - VIN decoded clean. Check Digit (9th position) is correct,1,2023-07-28T12:50:00.000Z,2023-07-28T12:50:00.000Z,DK 8 veh.'s [cmx],DK 8 veh.'s [cmx],,349.6,,needs locksmith verification,,,,FCC/frequency; blade/keyway; programmer coverage; supplier part number; authorization,Decoded from VIN. Locksmith key data must be verified before use.
JM1NDAD76P0554354,2023,MAZDA,MX-5,Grand Touring,Convertible/Cabriolet,2L In-Line,RWD/Rear-Wheel Drive,HIROSHIMA,JAPAN,0,0 - VIN decoded clean. Check Digit (9th position) is correct,1,2024-06-21T15:05:00.000Z,2024-06-21T15:05:00.000Z,KM 23 MX-5 blk [er],KM 23 MX-5 blk [er],,260.75,,needs locksmith verification,,,,FCC/frequency; blade/keyway; programmer coverage; supplier part number; authorization,Decoded from VIN. Locksmith key data must be verified before use.
JM3TB3DA4B0325157,2011,MAZDA,CX-9,Grand Touring/GT,Sport Utility Vehicle (SUV)/Multi-Purpose Vehicle (MPV),3.7,4WD/4-Wheel Drive/4x4,HIROSHIMA,JAPAN,0,0 - VIN decoded clean. Check Digit (9th position) is correct,1,2021-01-11T17:30:00.000Z,2021-01-11T17:30:00.000Z,Carmax Omaha 2 veh,Carmax Omaha 2 veh,,,,needs locksmith verification,,,,FCC/frequency; blade/keyway; programmer coverage; supplier part number; authorization,Decoded from VIN. Locksmith key data must be verified before use.
JN1BV7AR5FM394387,2015,INFINITI,Q50,,Sedan/Saloon,3.7,AWD/All-Wheel Drive,"TOCHIGI PLANT, KAWACHI-GUN",JAPAN,0,0 - VIN decoded clean. Check Digit (9th position) is correct,1,2024-01-02T17:50:00.000Z,2024-01-02T17:50:00.000Z,"DK, EKM 15 Q50 gry","DK, EKM 15 Q50 gry",,247.54,,needs locksmith verification,,,,FCC/frequency; blade/keyway; programmer coverage; supplier part number; authorization,Decoded from VIN. Locksmith key data must be verified before use.
JN8AF5MR6FT505044,2015,NISSAN,Juke,"Juke, Juke NISMO",Crossover Utility Vehicle (CUV),1.6,4x2,"OPPAMA PLANT, YOKOSUKA-SHI",JAPAN,0,0 - VIN decoded clean. Check Digit (9th position) is correct,1,2023-06-07T18:00:00.000Z,2023-06-07T18:00:00.000Z,DK 3 veh.'s [cmx],DK 3 veh.'s [cmx],,280.6,,needs locksmith verification,,,,FCC/frequency; blade/keyway; programmer coverage; supplier part number; authorization,Decoded from VIN. Locksmith key data must be verified before use.
JN8AS5MV7DW618652,2013,NISSAN,Rogue,,Crossover Utility Vehicle (CUV),2.5,4WD/4-Wheel Drive/4x4,MIYAWAKA,JAPAN,0,0 - VIN decoded clean. Check Digit (9th position) is correct,1,2023-06-26T13:30:00.000Z,2023-06-26T13:30:00.000Z,DK 7 veh.'s [cmx],DK 7 veh.'s [cmx],,432.4,,needs locksmith verification,,,,FCC/frequency; blade/keyway; programmer coverage; supplier part number; authorization,Decoded from VIN. Locksmith key data must be verified before use.
JN8AZ1MW7DW307932,2013,NISSAN,Murano,,Crossover Utility Vehicle (CUV),3.5,4WD/4-Wheel Drive/4x4,MIYAWAKA,JAPAN,0,0 - VIN decoded clean. Check Digit (9th position) is correct,1,2023-06-05T13:15:00.000Z,2023-06-05T13:15:00.000Z,DK 3 veh.'s [cmx],DK 3 veh.'s [cmx],,179.4,,needs locksmith verification,,,,FCC/frequency; blade/keyway; programmer coverage; supplier part number; authorization,Decoded from VIN. Locksmith key data must be verified before use.
JN8AZ2KR3ET352128,2014,NISSAN,Cube,,Sport Utility Vehicle (SUV)/Multi-Purpose Vehicle (MPV),1.8,4x2,YOKOSUKA,JAPAN,0,0 - VIN decoded clean. Check Digit (9th position) is correct,1,2021-09-08T19:10:00.000Z,2021-09-08T19:10:00.000Z,KM 11 Silverado; 14 Cube; 17 Focus [ago],KM 11 Silverado; 14 Cube; 17 Focus [ago],,125,,needs locksmith verification,,,,FCC/frequency; blade/keyway; programmer coverage; supplier part number; authorization,Decoded from VIN. Locksmith key data must be verified before use.
JTDEAMDE3MJ007878,2021,TOYOTA,Corolla,LE,Sedan/Saloon,1.8L In-Line,4x2,TOYOTA CITY,JAPAN,0,0 - VIN decoded clean. Check Digit (9th position) is correct,1,2023-07-17T13:30:00.000Z,2023-07-17T13:30:00.000Z,DK 10 veh.'s [cmx],DK 10 veh.'s [cmx],,308.2,,needs locksmith verification,,,,FCC/frequency; blade/keyway; programmer coverage; supplier part number; authorization,Decoded from VIN. Locksmith key data must be verified before use.
JTDKAMFU0N3175281,2022,TOYOTA,Prius,,Hatchback/Liftback/Notchback,1.8L In-Line,4x2,TOYOTA CITY,JAPAN,0,0 - VIN decoded clean. Check Digit (9th position) is correct,1,2023-09-11T13:30:00.000Z,2023-09-11T13:30:00.000Z,DK 4 veh.'s [cmx],DK 4 veh.'s [cmx],,358.8,,needs locksmith verification,,,,FCC/frequency; blade/keyway; programmer coverage; supplier part number; authorization,Decoded from VIN. Locksmith key data must be verified before use.
JTEKU5JR3P6111765,2023,TOYOTA,4Runner,Limited,Sport Utility Vehicle (SUV)/Multi-Purpose Vehicle (MPV),4.0L V-Shaped,4WD/4-Wheel Drive/4x4,TAHARA,JAPAN,0,0 - VIN decoded clean. Check Digit (9th position) is correct,1,2023-09-11T13:30:00.000Z,2023-09-11T13:30:00.000Z,DK 4 veh.'s [cmx],DK 4 veh.'s [cmx],,358.8,,needs locksmith verification,,,,FCC/frequency; blade/keyway; programmer coverage; supplier part number; authorization,Decoded from VIN. Locksmith key data must be verified before use.
JTEMU5JR1R6263667,2024,TOYOTA,4Runner,SR5,Sport Utility Vehicle (SUV)/Multi-Purpose Vehicle (MPV),4.0L V-Shaped,4WD/4-Wheel Drive/4x4,TAHARA,JAPAN,0,0 - VIN decoded clean. Check Digit (9th position) is correct,1,2024-07-18T16:15:00.000Z,2024-07-18T16:15:00.000Z,KM 24 4runner red [er],KM 24 4runner red [er],TIS,443.25,,needs locksmith verification,,TIS,,FCC/frequency; blade/keyway; programmer coverage; supplier part number; authorization,Decoded from VIN. Locksmith key data must be verified before use.
JTEMU5JR7N6002960,2022,TOYOTA,4Runner,SR5,Sport Utility Vehicle (SUV)/Multi-Purpose Vehicle (MPV),4.0L V-Shaped,4WD/4-Wheel Drive/4x4,TAHARA,JAPAN,0,0 - VIN decoded clean. Check Digit (9th position) is correct,1,2023-07-28T12:50:00.000Z,2023-07-28T12:50:00.000Z,DK 8 veh.'s [cmx],DK 8 veh.'s [cmx],,349.6,,needs locksmith verification,,,,FCC/frequency; blade/keyway; programmer coverage; supplier part number; authorization,Decoded from VIN. Locksmith key data must be verified before use.
JTEPU5JR1P6099203,2023,TOYOTA,4Runner,TRD offroad,Sport Utility Vehicle (SUV)/Multi-Purpose Vehicle (MPV),4.0L V-Shaped,4WD/4-Wheel Drive/4x4,TAHARA,JAPAN,0,0 - VIN decoded clean. Check Digit (9th position) is correct,1,2024-07-10T16:30:00.000Z,2024-07-10T16:30:00.000Z,KM 23 4Runner sil [er],KM 23 4Runner sil [er],TIS,443.25,,needs locksmith verification,,TIS,,FCC/frequency; blade/keyway; programmer coverage; supplier part number; authorization,Decoded from VIN. Locksmith key data must be verified before use.
JTNKARJE3JJ557187,2018,TOYOTA,COROLLA iM,,Hatchback/Liftback/Notchback,1.8L In-Line,FWD/Front-Wheel Drive,TOYOTA CITY,JAPAN,0,0 - VIN decoded clean. Check Digit (9th position) is correct,1,2023-07-05T16:20:00.000Z,2023-07-05T16:20:00.000Z,DK 2 veh.'s [cmx],DK 2 veh.'s [cmx],,48,,needs locksmith verification,,,,FCC/frequency; blade/keyway; programmer coverage; supplier part number; authorization,Decoded from VIN. Locksmith key data must be verified before use.
KL4CJASB6JB624948,2018,BUICK,Encore,Preferred,Sport Utility Vehicle (SUV)/Multi-Purpose Vehicle (MPV),1.4,FWD/Front-Wheel Drive,BUPYEONG,SOUTH KOREA,0,0 - VIN decoded clean. Check Digit (9th position) is correct,1,2020-07-29T15:49:00.000Z,2020-07-29T15:49:00.000Z,KM Aango,KM Aango,,460,,needs locksmith verification,,,,FCC/frequency; blade/keyway; programmer coverage; supplier part number; authorization,Decoded from VIN. Locksmith key data must be verified before use.
KM8J3CA23GU243345,2016,HYUNDAI,Tucson,"SE Popular, ECO, Sport, Limited",Sport Utility Vehicle (SUV)/Multi-Purpose Vehicle (MPV),1.6,,ULSAN,SOUTH KOREA,0,0 - VIN decoded clean. Check Digit (9th position) is correct,1,2020-07-29T15:49:00.000Z,2020-07-29T15:49:00.000Z,KM Aango,KM Aango,,460,,needs locksmith verification,,,,FCC/frequency; blade/keyway; programmer coverage; supplier part number; authorization,Decoded from VIN. Locksmith key data must be verified before use.
KM8J3CA46JU759546,2018,HYUNDAI,Tucson,"SE Pop, SE Plus, Eco, Sport, Value, Ultimate Base/Ultimate",Sport Utility Vehicle (SUV)/Multi-Purpose Vehicle (MPV),2,4WD/4-Wheel Drive/4x4,ULSAN,SOUTH KOREA,0,0 - VIN decoded clean. Check Digit (9th position) is correct,1,2023-07-28T12:50:00.000Z,2023-07-28T12:50:00.000Z,DK 8 veh.'s [cmx],DK 8 veh.'s [cmx],,349.6,,needs locksmith verification,,,,FCC/frequency; blade/keyway; programmer coverage; supplier part number; authorization,Decoded from VIN. Locksmith key data must be verified before use.
KM8J3CAL6LU279114,2020,HYUNDAI,Tucson,"Value, SEL, Sport, Limited, Ultimate",Sport Utility Vehicle (SUV)/Multi-Purpose Vehicle (MPV),2.4,4WD/4-Wheel Drive/4x4,ULSAN,SOUTH KOREA,0,0 - VIN decoded clean. Check Digit (9th position) is correct,1,2023-07-17T13:30:00.000Z,2023-07-17T13:30:00.000Z,DK 10 veh.'s [cmx],DK 10 veh.'s [cmx],,308.2,,needs locksmith verification,,,,FCC/frequency; blade/keyway; programmer coverage; supplier part number; authorization,Decoded from VIN. Locksmith key data must be verified before use.
KM8JUCAG9FU022825,2015,HYUNDAI,Tucson,GLS (Middle),Sport Utility Vehicle (SUV)/Multi-Purpose Vehicle (MPV),2.4,4WD/4-Wheel Drive/4x4,ULSAN,SOUTH KOREA,0,0 - VIN decoded clean. Check Digit (9th position) is correct,1,2023-08-23T13:00:00.000Z,2023-08-23T13:00:00.000Z,DK 2 veh.'s [cmx],DK 2 veh.'s [cmx],,151.8,,needs locksmith verification,,,,FCC/frequency; blade/keyway; programmer coverage; supplier part number; authorization,Decoded from VIN. Locksmith key data must be verified before use.
KM8SRDHF3EU083353,2014,HYUNDAI,Santa Fe,TOP,Sport Utility Vehicle (SUV)/Multi-Purpose Vehicle (MPV),3.3,4WD/4-Wheel Drive/4x4,ULSAN,SOUTH KOREA,0,0 - VIN decoded clean. Check Digit (9th position) is correct,1,2023-09-08T13:30:00.000Z,2023-09-08T13:30:00.000Z,DK 5 veh.'s [cmx],DK 5 veh.'s [cmx],IM608,197.8,,needs locksmith verification,,IM608,,FCC/frequency; blade/keyway; programmer coverage; supplier part number; authorization,Decoded from VIN. Locksmith key data must be verified before use.
KNAE35LD3P6129752,2023,KIA,Stinger,GT-Line,Hatchback/Liftback/Notchback,2.5,,GWANGMYEONG,SOUTH KOREA,0,0 - VIN decoded clean. Check Digit (9th position) is correct,1,2023-07-06T17:30:00.000Z,2023-07-06T17:30:00.000Z,DK 23 Stinger gry [cmx],DK 23 Stinger gry [cmx],IM608,381.8,cc,needs locksmith verification,,IM608,,FCC/frequency; blade/keyway; programmer coverage; supplier part number; authorization,Decoded from VIN. Locksmith key data must be verified before use.
KNALN4D78F5191835,2015,KIA,Cadenza,GLS / JSL / TAX (Middle Grade),Sedan/Saloon,3.3L V-Shaped,,HWASUNG,SOUTH KOREA,0,0 - VIN decoded clean. Check Digit (9th position) is correct,1,2023-08-02T15:35:00.000Z,2023-08-02T15:35:00.000Z,DK 3 veh.'s [cmx],DK 3 veh.'s [cmx],,280.6,,needs locksmith verification,,,,FCC/frequency; blade/keyway; programmer coverage; supplier part number; authorization,Decoded from VIN. Locksmith key data must be verified before use.
KNDJ23AU2N7167296,2022,KIA,Soul,"LX, S, X Line",Sport Utility Vehicle (SUV)/Multi-Purpose Vehicle (MPV),2.0,4x2,GWANG-JU,SOUTH KOREA,0,0 - VIN decoded clean. Check Digit (9th position) is correct,1,2024-04-29T20:30:00.000Z,2024-04-29T20:30:00.000Z,KM 22 Soul red [er],KM 22 Soul red [er],,439.25,,needs locksmith verification,,,,FCC/frequency; blade/keyway; programmer coverage; supplier part number; authorization,Decoded from VIN. Locksmith key data must be verified before use.
KNDPBCAC7E7559952,2014,KIA,Sportage,LX,Sport Utility Vehicle (SUV)/Multi-Purpose Vehicle (MPV),2.4,4WD/4-Wheel Drive/4x4,GWANGJU,SOUTH KOREA,0,0 - VIN decoded clean. Check Digit (9th position) is correct,1,2023-06-21T13:15:00.000Z,2023-06-21T13:15:00.000Z,DK 1 veh. [cmx],DK 1 veh. [cmx],,28,,needs locksmith verification,,,,FCC/frequency; blade/keyway; programmer coverage; supplier part number; authorization,Decoded from VIN. Locksmith key data must be verified before use.
LYV402TM5HB145562,2017,VOLVO,S60,Platinum,Sedan/Saloon,2,AWD/All-Wheel Drive,CHENGDU,CHINA,0,0 - VIN decoded clean. Check Digit (9th position) is correct,1,2023-10-18T17:05:00.000Z,2023-10-18T17:05:00.000Z,DK 17 S60 gry [cmx],DK 17 S60 gry [cmx],,254.38,,needs locksmith verification,,,,FCC/frequency; blade/keyway; programmer coverage; supplier part number; authorization,Decoded from VIN. Locksmith key data must be verified before use.
MAZ053WAZSKE13D03,,,,,,,,,,"1,7,400",1 - Check Digit (9th position) does not calculate properly; 7 - Manufacturer is not registered with NHTSA for sale or importation in the U.S. for use on U.S roads; Please contact the manufacturer directly for more information; 400 - Invalid Characters Present,1,2026-04-21T18:00:00.000Z,2026-04-21T18:00:00.000Z,KM 25 CX5 [er],KM 25 CX5 [er],,241.75,n30,needs locksmith verification,,,,FCC/frequency; blade/keyway; programmer coverage; supplier part number; authorization,Decoded from VIN. Locksmith key data must be verified before use.
MAZ069WAZSKE13D03,,,,,,,,,,"1,7,400",1 - Check Digit (9th position) does not calculate properly; 7 - Manufacturer is not registered with NHTSA for sale or importation in the U.S. for use on U.S roads; Please contact the manufacturer directly for more information; 400 - Invalid Characters Present,1,2026-04-21T18:00:00.000Z,2026-04-21T18:00:00.000Z,KM 25 CX5 [er],KM 25 CX5 [er],,241.75,n30,needs locksmith verification,,,,FCC/frequency; blade/keyway; programmer coverage; supplier part number; authorization,Decoded from VIN. Locksmith key data must be verified before use.
NM0LS7E7XH1333914,2017,FORD,Transit Connect,XL,Cargo Van,2.5L In-Line,,VALENCIA,SPAIN,0,0 - VIN decoded clean. Check Digit (9th position) is correct,1,2023-07-05T16:20:00.000Z,2023-07-05T16:20:00.000Z,DK 2 veh.'s [cmx],DK 2 veh.'s [cmx],,48,,needs locksmith verification,,,,FCC/frequency; blade/keyway; programmer coverage; supplier part number; authorization,Decoded from VIN. Locksmith key data must be verified before use.
SADCJ2EX7MA667955,2021,JAGUAR,F-PACE,P250 S,Sport Utility Vehicle (SUV)/Multi-Purpose Vehicle (MPV),2.0,AWD/All-Wheel Drive,SOLIHULL,UNITED KINGDOM (UK),0,0 - VIN decoded clean. Check Digit (9th position) is correct,1,2023-09-25T14:45:00.000Z,2023-09-25T14:45:00.000Z,DK 5 veh.'s [cmx],DK 5 veh.'s [cmx],TIS,368,,needs locksmith verification,,TIS,,FCC/frequency; blade/keyway; programmer coverage; supplier part number; authorization,Decoded from VIN. Locksmith key data must be verified before use.
SAJAR4BG9HA964700,2017,JAGUAR,XE,XE,Sedan/Saloon,2L In-Line,RWD/Rear-Wheel Drive,SOLIHULL,UNITED KINGDOM (UK),0,0 - VIN decoded clean. Check Digit (9th position) is correct,1,2023-09-08T13:30:00.000Z,2023-09-08T13:30:00.000Z,DK 5 veh.'s [cmx],DK 5 veh.'s [cmx],IM608,197.8,,needs locksmith verification,,IM608,,FCC/frequency; blade/keyway; programmer coverage; supplier part number; authorization,Decoded from VIN. Locksmith key data must be verified before use.
SALWG2PF2GA585446,2016,LAND ROVER,Range Rover Sport,SE,Sport Utility Vehicle (SUV)/Multi-Purpose Vehicle (MPV),3L V-Shaped,,SOLIHULL,ENGLAND,0,0 - VIN decoded clean. Check Digit (9th position) is correct,2,2023-05-09T16:05:00.000Z,2023-05-10T20:40:00.000Z,uts DK 16 Range Rover Sport wht [cos],cxd DK 16 Range Rover Sport wht [cos],,,,needs locksmith verification,,,,FCC/frequency; blade/keyway; programmer coverage; supplier part number; authorization,Decoded from VIN. Locksmith key data must be verified before use.
SALZT2GX9LH061665,2020,LAND ROVER,Range Rover Evoque,S,Sport Utility Vehicle (SUV)/Multi-Purpose Vehicle (MPV),2L In-Line,AWD/All-Wheel Drive,HALEWOOD,UNITED KINGDOM (UK),0,0 - VIN decoded clean. Check Digit (9th position) is correct,2,2023-12-11T16:40:00.000Z,2023-12-11T16:40:00.000Z,utr DK 20 Evoque [cos],utr DK 20 Evoque [cos],,,,needs locksmith verification,,,,FCC/frequency; blade/keyway; programmer coverage; supplier part number; authorization,Decoded from VIN. Locksmith key data must be verified before use.
WA1BNAFYXK2069910,2019,AUDI,Q5,quattro Premium Plus,Sport Utility Vehicle (SUV)/Multi-Purpose Vehicle (MPV),2.0L In-Line,AWD/All-Wheel Drive,SAN JOSE CHIAPA,MEXICO,0,0 - VIN decoded clean. Check Digit (9th position) is correct,1,2023-09-13T13:55:00.000Z,2023-09-13T13:55:00.000Z,DK 19 Q5 gry [cmx],DK 19 Q5 gry [cmx],,648.7,,needs locksmith verification,,,,FCC/frequency; blade/keyway; programmer coverage; supplier part number; authorization,Decoded from VIN. Locksmith key data must be verified before use.
WATCCAFP5GA143099,,,,,,,,,,"1,7",1 - Check Digit (9th position) does not calculate properly; 7 - Manufacturer is not registered with NHTSA for sale or importation in the U.S. for use on U.S roads; Please contact the manufacturer directly for more information,1,2021-06-28T17:00:00.000Z,2021-06-28T17:00:00.000Z,Carmax Omaha,Carmax Omaha,,934.62,,needs locksmith verification,,,,FCC/frequency; blade/keyway; programmer coverage; supplier part number; authorization,Decoded from VIN. Locksmith key data must be verified before use.
WBSDX9C5XDE786075,2013,BMW,M3,,Convertible/Cabriolet,4.0,,REGENSBURG,GERMANY,0,0 - VIN decoded clean. Check Digit (9th position) is correct,1,2023-09-22T14:45:00.000Z,2023-09-22T14:45:00.000Z,DK 2 veh.'s [cmx],DK 2 veh.'s [cmx],,48,,needs locksmith verification,,,,FCC/frequency; blade/keyway; programmer coverage; supplier part number; authorization,Decoded from VIN. Locksmith key data must be verified before use.
WDDGF8AB0DR268548,2013,MERCEDES-BENZ,C-Class,C300,Sedan/Saloon,3.5L V-Shaped,,EAST LONDON,SOUTH AFRICA,0,0 - VIN decoded clean. Check Digit (9th position) is correct,1,2023-09-21T14:45:00.000Z,2023-09-21T14:45:00.000Z,DK 2 veh.'s [cmx],DK 2 veh.'s [cmx],,297.8,,needs locksmith verification,,,,FCC/frequency; blade/keyway; programmer coverage; supplier part number; authorization,Decoded from VIN. Locksmith key data must be verified before use.
WP0AA2A79KL102360,2019,PORSCHE,Panamera,Base / 4,Sedan/Saloon,3,,LEIPZIG,GERMANY,0,0 - VIN decoded clean. Check Digit (9th position) is correct,2,2023-10-13T19:50:00.000Z,2023-10-20T16:45:00.000Z,uts EKM 19 Panamera blk [cmx],uts EKM 19 Panamera blk [cmx],,,,needs locksmith verification,,,,FCC/frequency; blade/keyway; programmer coverage; supplier part number; authorization,Decoded from VIN. Locksmith key data must be verified before use.
WVGAV7AX9GW569037,2016,VOLKSWAGEN,Tiguan,"S, R-Line, SE, SEL",Sport Utility Vehicle (SUV)/Multi-Purpose Vehicle (MPV),2,,WOLFSBURG,GERMANY,0,0 - VIN decoded clean. Check Digit (9th position) is correct,1,2022-05-19T16:51:00.000Z,2022-05-19T16:51:00.000Z,Ship key to dsm,Ship key to dsm,,,,needs locksmith verification,,,,FCC/frequency; blade/keyway; programmer coverage; supplier part number; authorization,Decoded from VIN. Locksmith key data must be verified before use.
WVGBV7AX8HK004792,2017,VOLKSWAGEN,Tiguan,"S 4 Motion, Limited 4Motion",Sport Utility Vehicle (SUV)/Multi-Purpose Vehicle (MPV),2,AWD/All-Wheel Drive,OSNABRUCK,GERMANY,0,0 - VIN decoded clean. Check Digit (9th position) is correct,1,2023-07-06T12:45:00.000Z,2023-07-06T12:45:00.000Z,DK 2 veh.'s [cmx],DK 2 veh.'s [cmx],,227.8,,needs locksmith verification,,,,FCC/frequency; blade/keyway; programmer coverage; supplier part number; authorization,Decoded from VIN. Locksmith key data must be verified before use.
WVWAK73C47P111410,2007,VOLKSWAGEN,Passat,,Sedan/Saloon,1.984000,,MOSEL,GERMANY,0,0 - VIN decoded clean. Check Digit (9th position) is correct,10,2020-02-05T20:56:00.000Z,2020-11-13T22:06:00.000Z,DK 07 Passat,DK [adv] 07 Passat,,165,,needs locksmith verification,,,,FCC/frequency; blade/keyway; programmer coverage; supplier part number; authorization,Decoded from VIN. Locksmith key data must be verified before use.
WVWAK73C98P128964,2008,VOLKSWAGEN,Passat,Komfort,Sedan/Saloon,1.984000,,MOSEL,GERMANY,0,0 - VIN decoded clean. Check Digit (9th position) is correct,1,2019-08-19T16:10:00.000Z,2019-08-19T16:10:00.000Z,Adv Auto,Adv Auto,,135,,needs locksmith verification,,,,FCC/frequency; blade/keyway; programmer coverage; supplier part number; authorization,Decoded from VIN. Locksmith key data must be verified before use.
ZACNJDAB5MPN14420,2021,JEEP,Renegade,"Freedom, Jeepster, Sport, Upland",Sport Utility Vehicle (SUV)/Multi-Purpose Vehicle (MPV),2.4L In-Line,AWD/All-Wheel Drive,MELFI,ITALY,0,0 - VIN decoded clean. Check Digit (9th position) is correct,1,2023-07-28T12:50:00.000Z,2023-07-28T12:50:00.000Z,DK 8 veh.'s [cmx],DK 8 veh.'s [cmx],,349.6,,needs locksmith verification,,,,FCC/frequency; blade/keyway; programmer coverage; supplier part number; authorization,Decoded from VIN. Locksmith key data must be verified before use.
ZASPAKBN0K7C43325,2019,ALFA ROMEO,Stelvio,,Sport Utility Vehicle (SUV)/Multi-Purpose Vehicle (MPV),2L In-Line,,PIEDIMONTE SAN GERMANO,ITALY,0,0 - VIN decoded clean. Check Digit (9th position) is correct,1,2024-07-12T20:45:00.000Z,2024-07-12T20:45:00.000Z,uts PCP/MA 19 Alfa Romeo,uts PCP/MA 19 Alfa Romeo,,,,needs locksmith verification,,,,FCC/frequency; blade/keyway; programmer coverage; supplier part number; authorization,Decoded from VIN. Locksmith key data must be verified before use.
